id,name,type,program_id
361328,Дистанционная подготовка к ЕГЭ по математике,очно-заочная,14300
360616,Подготовка к ЕГЭ по информатике,очная,14294
360702,Подготовка к ЕГЭ по информатике 2,очная,14294
360531,Подготовка к ЕГЭ по истории,очная,14295
360610,Подготовка к ЕГЭ по истории,очная,14295
360613,Подготовка к ЕГЭ по математике,очная,14296
360773,Подготовка к ЕГЭ по математике 2,очная,14296
361038,Подготовка к ЕГЭ по математике 3,очная,14296
361040,Подготовка к ЕГЭ по математике 3,очная,14296
360618,Подготовка к ЕГЭ по обществознанию,очная,14297
360614,Подготовка к ЕГЭ по русскому языку,очная,14298
360619,Дополнительные главы биологии ( 9 класс),очная,14316
360615,Дополнительные главы математики ( 7 класс),очная,14312
334171,9Е1,очная,14247
334371,9Е2,очная,14247
334387,8К1,очная,14245
334453,8К2,очная,14245
334326,9К1,очная,13269
334219,9К2,очная,13269
334100,8М1,очная,14246
334231,8М2,очная,14246
334031,9М1,очная,13270
333986,9М2,очная,13270
334180,10Б1,очная,14249
334114,10Б2,очная,14249
334205,11Б1,очная,13273
334309,11Б2,очная,13273
334409,10Г1,очная,14250
333984,10Г2,очная,14250
334251,11Г1,очная,14300
334474,11Г2,очная,14300
334011,10К1,очная,13398
334441,10К2,очная,13398
334290,11К1,очная,14295
334296,11К2,очная,14295
334422,10М1,очная,13418
334351,10М2,очная,13418
334380,11М1,очная,14296
334321,11М2,очная,14296
334354,10И1,очная,13419
334087,10И2,очная,13419
334061,11И1,очная,14297
334483,11И2,очная,14297
334363,10Д1,очная,14316
334431,10Д2,очная,14316
333998,11Д1,очная,13415
334071,11Д2,очная,13415
332686,22.Б01-Б,очная,13402
332673,22.Б02-Б,очная,13402
332705,22.Б03-Б,очная,13402
332654,22.Б04-Б,очная,13402
332671,22.Б05-Б,очная,13402
332678,22.Б06-Б,очная,13402
332666,22.Б07-Б,очная,13402
332667,22.Б08-Б,очная,13402
332701,22.Б09-Б,очная,13402
332682,22.Б10-Б,очная,13402
332685,22.Б11-Б,очная,13402
332669,22.Б12-Б,очная,13402
331597,21.Б01-Б,очная,14312
331612,21.Б02-Б,очная,14312
331610,21.Б03-Б,очная,14312
331605,21.Б04-Б,очная,14312
331589,21.Б05-Б,очная,14312
331587,21.Б06-Б,очная,14312
331602,21.Б07-Б,очная,14312
331600,21.Б08-Б,очная,14312
331596,20.Б01-Б,очная,13411
331595,20.Б02-Б,очная,13411
331593,20.Б03-Б,очная,13411
331603,20.Б04-Б,очная,13411
331599,20.Б05-Б,очная,13411
331607,20.Б06-Б,очная,13411
331604,20.Б07-Б,очная,13411
331611,20.Б08-Б,очная,13411
331613,19.Б01-Б,очная,13406
331594,19.Б02-Б,очная,13406
331606,19.Б03-Б,очная,13406
331592,19.Б04-Б,очная,13406
331608,19.Б05-Б,очная,13406
331590,19.Б06-Б,очная,13406
331588,19.Б07-Б,очная,13406
331614,19.Б08-Б,очная,13406
332650,22.Б13-Б,очная,13271
332684,22.Б14-Б,очная,13271
331601,21.Б09-Б,очная,14245
331609,20.Б09-Б,очная,13269
331591,20.Б11-Б,очная,13269
332652,22.М02-Б,очная,13270
331181,21.М02-Б,очная,12213
332694,22.М03-Б,очная,14249
331183,21.М03-Б,очная,13273
332692,22.М05-Б,очная,14250
331186,21.М01-Б,очная,14300
332670,22.М01-Б,очная,13398
332691,22.М04-Б,очная,14295
331182,21.М04-Б,очная,13418
331725,21.А01-Б,очная,13419
331705,20.А01-Б,очная,14297
331729,19.А01-Б,очная,13420
331710,21.А03-Б,очная,13421
331722,20.А03-Б,очная,13446
331723,19.А03-Б,очная,14316
331724,21.А02-Б,очная,13402
331717,20.А02-Б,очная,14312
331709,19.А02-Б,очная,13411
331706,21.А04-Б,очная,14247
331720,20.А04-Б,очная,13271
332603,22.Б26-в,очная,13269
332543,20.Б26-в,очная,14246
332412,21.Б59-в,очная,13270
332873,19.Б59-в,очная,12213
332877,18.Б43-в,очная,12197
332442,21.Б38-в,очная,13273
332515,22.Б60-в,очная,12195
332542,20.Б60-в,очная,14250
332493,20.Б03-в,очная,14300
332575,22.Б29-в,очная,14294
332885,19.Б29-в,очная,13398
332425,21.Б29-в,очная,14295
332507,20.Б32-в,очная,13418
332520,22.Б28-в,очная,14296
332564,20.Б28-в,очная,13419
332417,21.Б05-в,очная,14297
332854,19.Б05-в,очная,13420
332453,21.Б01-в,очная,14298
332884,19.Б01-в,очная,13421
332586,20.Б17-в,очная,13446
332481,20.Б21-в,очная,14316
332452,21.Б03-в,очная,13415
332863,19.Б03-в,очная,13402
332457,21.Б06-в,очная,14312
332422,22.Б06-в,очная,13411
332497,20.Б06-в,очная,13406
332459,22.Б12-в,очная,14247
332498,22.Б13-в,очная,14247
332530,20.Б12-в,очная,13271
332580,20.Б13-в,очная,13271
332446,22.Б10-в,очная,14245
332880,19.Б10-в,очная,13269
332419,21.Б19-в,очная,14246
332454,21.Б16-в,очная,13270
332414,21.Б02-в,очная,12213
332410,21.Б07-в,очная,12197
332434,21.Б08-в,очная,14249
332860,19.Б08-в,очная,13273
332494,22.Б14-в,очная,12195
332529,22.Б15-в,очная,12195
332584,20.Б14-в,очная,14250
332531,20.Б15-в,очная,14250
332427,21.Б40-в,очная,14300
332409,21.Б41-в,очная,14300
332872,19.Б40-в,очная,14294
332857,19.Б41-в,очная,14294
332615,20.Б42-в,очная,13398
332892,19.Б39-в,очная,14295
332528,22.Б34-в,очная,13418
332888,19.Б34-в,очная,14296
332889,19.Б64-в,очная,13419
332621,20.Б34-в,очная,14297
332508,22.Б33-в,очная,13420
332570,20.Б33-в,очная,14298
332518,20.Б50-в,очная,13421
332856,19.Б50-в,очная,13446
332551,22.Б51-в,очная,14316
332423,21.Б51-в,очная,13415
332606,22.Б61-в,очная,13402
332438,21.Б44-в,очная,14312
332432,21.Б45-в,очная,14312
332852,19.Б44-в,очная,13411
332855,19.Б45-в,очная,13411
360860,ППа22,очная,13406
360855,ППк21,очная,14247
360859,ППк22,очная,14247
360590,Групп 1к02,очная,13271
360705,Группа 1к04,очная,13271
360966,Группа 1к05,очная,13271
360968,Группа 1к08,очная,13271
362397,Группа 1к11,очная,13271
360520,Гркппа 2к01,очная,14245
360579,Группа 3к02,очная,14245
360518,Группа 3к03,очная,14245
360640,Группа 4к01,очная,13269
360744,Группа 5к01,очная,13270
360745,Группа 5к02,очная,13270
362840,Группа 5к05,очная,13270
360690,Группа 1а2,очная,12197
361299,Группа 1п,очная,12197
360688,Группа 1т,очная,12197
362383,Группа 1т2,очная,12197
361037,Группа 1я,очная,12197
360517,Группа 2а,очная,14249
360584,Группа 3а,очная,14249
360532,Группа 3к,очная,14249
360516,Группа 3т,очная,14249
360682,1к,очная,12195
361293,Группа 3я,очная,14250
361050,Группа ОВ,очная,14294
358967,Группа 1к,очная,13398
360589,Группа 1к01,очная,13398
360704,Группа 1к03,очная,13398
360708,Группа 1к06,очная,13398
360710,Группа 1к07,очная,13398
361058,Группа 1к09,очная,13398
362395,Группа 1к10,очная,13398
358968,Группа 2к01,очная,14295
358969,Группа 2к02,очная,14295
360578,Группа 3к01,очная,14295
359426,Группа 3к03,очная,14295
360746,Группа 5к03,очная,14296
362834,Группа 5к04,очная,14296
332583,22.М10-в,очная,13420
332483,22.М16-в,очная,13421
332572,21.М16-в,очная,13446
332605,22.М04-в,очная,13415
332547,21.М03-в,очная,13402
332513,22.М03-в,очная,13411
332595,21.М04-в,очная,13406
332560,22.М02-в,очная,13271
332490,21.М02-в,очная,14245
332514,22.М06-в,очная,14246
332562,21.М06-в,очная,13270
332553,22.М05-в,очная,12197
332576,22.М28-в,очная,13273
332550,21.М28-в,очная,12195
332489,22.М11-в,очная,14300
332559,21.М11-в,очная,14294
332579,22.М07-в,очная,13398
332549,21.М07-в,очная,14295
332619,22.М01-в,очная,14296
332598,21.М01-в,очная,13419
333111,21.А03-в,очная,13420
333112,20.А03-в,очная,14298
333095,21.А02-в,очная,13446
333072,20.А02-в,очная,14316
333109,21.А01-в,очная,13415
333099,20.А01-в,очная,13402
334094,22.Б07-вшж,очная,13411
334182,22.Б08-вшж,очная,13411
334229,22.Б09-вшж,очная,13411
334275,22.Б10-вшж,очная,13411
334373,22.Б11-вшж,очная,13411
334166,22.Б12-вшж,очная,13411
334383,22.Б13-вшж,очно-заочная,13411
334423,22.Б14-вшж,очно-заочная,13411
333575,21.Б07-вшж,очная,13406
333543,21.Б08-вшж,очная,13406
333537,21.Б09-вшж,очная,13406
333715,21.Б10-вшж,очная,13406
333454,21.Б11-вшж,очная,13406
333594,21.Б12-вшж,очная,13406
333627,21.Б13-вшж,очно-заочная,13406
333509,21.Б14-вшж,очно-заочная,13406
333584,20.Б07-вшж,очная,14247
333483,20.Б08-вшж,очная,14247
333725,20.Б09-вшж,очная,14247
333507,20.Б10-вшж,очная,14247
333738,20.Б11-вшж,очная,14247
333647,20.Б12-вшж,очная,14247
333432,20.Б13-вшж,очно-заочная,14247
333689,20.Б14-вшж,очно-заочная,14247
333633,19.Б05-вшж,очная,13271
333610,19.Б06-вшж,очная,13271
333755,19.Б07-вшж,очная,13271
333540,19.Б08-вшж,очная,13271
333592,19.Б16-вшж,очная,13271
333574,19.Б17-вшж,очная,13271
333580,19.Б09-вшж,очно-заочная,13271
333567,19.Б10-вшж,очно-заочная,13271
333489,18.Б11-вшж,очно-заочная,14245
333681,18.Б12-вшж,очно-заочная,14245
333550,18.Б13-вшж,очно-заочная,14245
333994,22.Б01-вшж,очная,13269
334415,22.Б02-вшж,очная,13269
334177,22.Б03-вшж,очная,13269
334155,22.Б04-вшж,очная,13269
333549,21.Б01-вшж,очная,14246
333671,21.Б02-вшж,очная,14246
333709,21.Б03-вшж,очная,14246
333452,21.Б04-вшж,очная,14246
333728,21.Б05-вшж,очная,14246
333508,20.Б01-вшж,очная,13270
333688,20.Б02-вшж,очная,13270
333482,20.Б03-вшж,очная,13270
333434,20.Б04-вшж,очная,13270
333554,20.Б05-вшж,очная,13270
333730,20.Б06-вшж,очная,13270
333666,19.Б01-вшж,очная,12213
333692,19.Б02-вшж,очная,12213
333458,19.Б03-вшж,очная,12213
333506,19.Б04-вшж,очная,12213
333706,19.Б14-вшж,очная,12213
334377,22.Б15-вшж,очная,14249
334299,22.Б16-вшж,очная,14249
334181,22.Б17-вшж,очная,14249
333564,21.Б15-вшж,очная,13273
333559,21.Б16-вшж,очная,13273
333678,21.Б17-вшж,очная,13273
333463,20.Б15-вшж,очная,12195
333479,20.Б16-вшж,очная,12195
333429,20.Б17-вшж,очная,12195
333608,20.Б18-вшж,очная,12195
333523,19.Б11-вшж,очная,14250
333527,19.Б12-вшж,очная,14250
333656,19.Б13-вшж,очная,14250
333654,18.Б17-вшж,очно-заочная,14300
361361,ДОП Журналистика,очная,14294
384374,ДОП Спичрайтинг и эффект. коммуникации (апрель),очная,13398
361468,ДОП Спичрайтинг и эффект.коммуникации,очная,13398
360743,"доп ""Журналистика для школьников""",очная,14295
387216,"1 группа (интенсивный курс ""Основы журналистской деятельности"")",очная,13418
387217,"2 группа (интенсивный курс ""Основы журналистской деятельности"")",очная,13418
360691,"доп ""Основы журналистской деятельности""",очная,14296
334476,22.М07-вшж,очная,13419
386848,20.М01-вшж,очная,14297
334086,22.М02-вшж,очная,13420
333735,21.М02-вшж,очная,14298
334457,22.М01-вшж,очная,13421
333752,21.М01-вшж,очная,13446
333634,21.М03-вшж,очная,14316
334154,22.М09-вшж,очная,13415
333460,21.М07-вшж,очная,13402
334107,22.М10-вшж,очная,14312
333505,21.М09-вшж,очная,13411
334099,22.М04-вшж,очная,13406
333442,21.М04-вшж,очная,14247
334485,22.М06-вшж,очная,13271
333745,21.М06-вшж,очная,14245
334449,22.М03-вшж,очная,13269
334108,22.М05-вшж,очная,14246
333431,21.М05-вшж,очная,13270
334151,22.М11-вшж,очная,12213
333491,21.М08-вшж,очная,12197
333568,21.А01-вшж,очная,14249
333490,20.А01-вшж,очная,13273
333562,21.А02-вшж,очная,12195
333591,20.А02-вшж,очная,14250
383691,48-03,очная,14300
383689,48-06,очная,14300
361498,48-06//,очно-заочная,14300
361499,48-07,очно-заочная,14300
385081,5-01,очная,14295
331949,22.М93-фл,очно-заочная,13419
332657,21.М93-фл,очно-заочная,14297
358631,20.М93-фл,очно-заочная,13420
331987,22.М94-фл,очная,13421
332704,21.М94-фл,очная,13446
331967,22.М90-фл,очная,13415
331966,22.М95-фл,очная,13415
332023,22.М96-фл,очная,13415
332683,21.М90-фл,очная,13402
332656,21.М95-фл,очная,13402
332677,21.М96-фл,очная,13402
331995,22.М92-фл,очная,13411
332688,21.М92-фл,очная,13406
331984,22.М91-фл,очная,13271
331947,22.М97-фл,очная,13271
332662,21.М91-фл,очная,14245
332676,21.М97-фл,очная,14245
331988,22.М99-фл,очная,14246
331991,22.М98-фл,очная,13270
334024,22.М12-ю,очная,12213
334000,21.М12-ю,очная,12197
332971,22.Б01-и,очная,13273
332938,21.Б01-и,очная,12195
333036,20.Б01-и,очная,14250
332935,19.Б01-и,очная,14300
332866,22.Б04-и,очная,13398
361320,ГД-1,очная,13398
332894,21.Б04-и,очная,14295
332967,20.Б04-и,очная,13418
333026,19.Б04-и,очная,14296
332869,22.Б07-и,очная,14297
332953,21.Б07-и,очная,13420
332930,20.Б07-и,очная,14298
332977,19.Б07-и,очная,13421
332874,22.Б05-и,очная,13446
332853,21.Б05-и,очная,14316
332959,20.Б05-и,очная,13415
333010,19.Б05-и,очная,13402
333005,22.Б02-и,очная,13411
333034,22.Б08-и,очная,14247
332972,20.Б08-и,очная,14245
333008,22.Б03-и,очная,13269
332973,21.Б03-и,очная,14246
333019,20.Б03-и,очная,13270
333033,19.Б03-и,очная,12213
332882,22.Б06-и,очная,13273
332927,21.Б06-и,очная,12195
333012,20.Б06-и,очная,14250
333016,19.Б06-и,очная,14300
361051,ГД-0,очная,14294
361321,ГД-1,очная,14294
360862,Группа ГД,очная,14294
332415,22.М09-ии,очная,14295
361192,Группа ДС ДПИ,очная,13418
362438,Группа ХК,очная,14296
332862,22.М01-и,очная,14297
332883,21.М01-и,очная,13420
332893,22.М02-и,очная,13421
332881,21.М02-и,очная,13446
332891,22.М04-и,очная,13415
332875,21.М04-и,очная,13402
332890,22.М03-и,очная,13411
332864,21.М03-и,очная,13406
332871,22.С01-и,очная,14245
332966,21.С01-и,очная,13269
332962,20.С01-и,очная,14246
332978,19.С01-и,очная,13270
332975,18.С03-и,очная,12213
333007,17.С03-и,очная,12197
332954,17.С04-и,очная,12197
332876,22.С03-и,очная,13273
333041,21.С03-и,очная,12195
333027,20.С03-и,очная,14250
333015,19.С03-и,очная,14300
332931,21.С04-и,очная,14294
332934,18.С04-и,очная,13398
332861,22.С04-и,очная,14295
332933,20.С04-и,очная,13418
333037,19.С05-и,очная,14296
332439,22.Б07-ии,очная,14297
334430,21.Б05-ии,очная,13420
334466,20.Б05-ии,очная,14298
334242,19.Б07-ии,очная,13421
332451,22.Б01-ии,очная,14316
332435,22.Б02-ии,очная,14316
332424,22.Б03-ии,очная,14316
332428,22.Б04-ии,очная,14316
332426,22.Б05-ии,очная,14316
359918,22.Б10-ии,очная,14316
334287,21.Б01-ии,очная,13415
334307,21.Б02-ии,очная,13415
334046,21.Б03-ии,очная,13415
334015,21.Б04-ии,очная,13415
333982,21.Б10-ии,очная,13415
334140,20.Б01-ии,очная,13402
334346,20.Б02-ии,очная,13402
331782,20.Б03-ии,очная,13402
334210,20.Б04-ии,очная,13402
334138,19.Б01-ии,очная,14312
334013,19.Б02-ии,очная,14312
334243,19.Б03-ии,очная,14312
334228,19.Б04-ии,очная,14312
332416,22.Б06-ии,очная,13406
332441,22.Б08-ии,очная,13406
334454,21.Б06-ии,очная,14247
334119,21.Б08-ии,очная,14247
334025,20.Б06-ии,очная,13271
334175,19.Б08-ии,очная,14245
332413,22.Б09-ии,очная,14246
334366,20.Б07-ии,очная,12213
360961,ДОП 2232 управление музейными фондами модули атрибуция,очно-заочная,14249
360965,ДОП 0442 История для школьников,очная,13273
332429,22.М08-ии,очная,14294
334470,21.М08-ии,очная,13398
334440,21.М02-ии,очная,14296
332431,22.М01-ии,очная,13419
332460,22.М06-ии,очная,14298
334127,21.М06-ии,очная,13421
332421,22.М10-ии,очная,13415
334236,21.М10-ии,очная,13402
332436,22.М11-ии,очная,13411
334344,21.М11-ии,очная,13406
332433,22.М05-ии,очная,13271
334312,21.М05-ии,очная,14245
332448,22.М07-ии,очная,14246
334043,21.М07-ии,очная,13270
332411,22.М04-ии,очная,12197
334277,21.М04-ии,очная,14249
334074,21.М09-ии,очная,12195
358375,21.А01-ии,очная,14300
358374,21.А02-ии,очная,14300
334115,20.А01-ии,очная,14294
334452,20.А02-ии,очная,14294
358373,21.А03-ии,очная,14295
334161,20.А03-ии,очная,13418
385080,ДОП Нейролингвистика ,очно-заочная,13419
386218,ДОП Нейролингвистика 22.04.2023,очно-заочная,13419
387424,ДОП Нейролингвистика 24.06.2023,очно-заочная,13419
332292,22.М05-ики,очная,14297
332340,21.М05-ики,очная,13420
334019,22131ФК,очная,13421
334445,22132ФК,очная,13421
334211,22133ФК,очная,13421
333980,22134ФК,очная,13421
334096,22135ФК,очная,13421
334327,22136ФК,очная,13421
334260,22231ФК,очная,13421
334192,22232ФК,очная,13421
334406,21131ФК,очная,13446
334106,21132ФК,очная,13446
334325,21133ФК,очная,13446
334158,21134ФК,очная,13446
334225,21135ФК,очная,13446
334359,21136ФК,очная,13446
334461,21231ФК,очная,13446
334332,21232ФК,очная,13446
334033,20131ФК,очная,14316
334200,20132ФК,очная,14316
334258,20133ФК,очная,14316
334135,20134ФК,очная,14316
334214,20135ФК,очная,14316
334394,20136ФК,очная,14316
334419,20137ФК,очная,14316
334053,20138ФК,очная,14316
334381,20139ФК,очная,14316
334129,20231ФК,очная,14316
334206,20232ФК,очная,14316
334034,19131ФК,очная,13415
332235,19132ФК,очная,13415
334339,19133ФК,очная,13415
334076,19134ФК,очная,13415
334390,19135ФК,очная,13415
334274,19136ФК,очная,13415
334045,19137ФК,очная,13415
334149,19138ФК,очная,13415
334355,19139ФК,очная,13415
334222,19231ФК,очная,13415
334349,19232ФК,очная,13415
334412,22141ФК,очная,14312
334040,22142ФК,очная,14312
334085,22143ФК,очная,14312
334217,22144ФК,очная,14312
334448,22241ФК,очная,14312
334250,21141ФК,очная,13411
334255,21142ФК,очная,13411
334001,21143ФК,очная,13411
334116,21144ФК,очная,13411
334414,21241ФК,очная,13411
334130,20141ФК,очная,13406
334398,20142ФК,очная,13406
334153,20143ФК,очная,13406
334335,20144ФК,очная,13406
334372,20145ФК,очная,13406
334463,20146ФК,очная,13406
334388,20241ФК,очная,13406
331544,22.Б01-мкн,очная,13271
331535,22.Б02-мкн,очная,13271
331523,22.Б03-мкн,очная,13271
334126,21.Б01-мкн,очная,14245
334347,21.Б02-мкн,очная,14245
334486,21.Б03-мкн,очная,14245
333981,20.Б01-мкн,очная,13269
334016,20.Б02-мкн,очная,13269
334386,20.Б03-мкн,очная,13269
334212,19.Б01-мкн,очная,14246
334009,19.Б02-мкн,очная,14246
334401,19.Б03-мкн,очная,14246
334196,20.Б05-мкн,очная,12213
334047,20.Б06-мкн,очная,12213
334297,19.Б05-мкн,очная,12197
331537,22.Б05-мкн,очная,14249
331539,22.Б06-мкн,очная,14249
334090,21.Б05-мкн,очная,13273
333992,21.Б06-мкн,очная,13273
331556,22.Б09-мкн,очная,12195
331522,22.Б10-мкн,очная,12195
334003,21.Б09-мкн,очная,14250
334054,21.Б10-мкн,очная,14250
333985,20.Б09-мкн,очная,14300
334167,20.Б10-мкн,очная,14300
334131,19.Б09-мкн,очная,14294
334273,19.Б10-мкн,очная,14294
331531,22.М02-мкн,очная,13398
331528,22.М01-мкн,очная,14295
334089,21.М01-мкн,очная,13418
334435,21.А01-мкн,очная,13419
334458,22.Б14-мм,очная,14297
334748,21.Б14-мм,очная,13420
334732,20.Б14-мм,очная,14298
334336,22.Б13-мм,очная,13421
334743,21.Б13-мм,очная,13446
334772,20.Б13-мм,очная,14316
334744,19.Б13-мм,очная,13415
334728,19.Б07-мм,очная,14312
334763,19.Б08-мм,очная,14312
334778,19.Б09-мм,очная,14312
334731,19.Б10-мм,очная,14312
334112,22.Б12-мм,очная,13406
334724,21.Б12-мм,очная,14247
334749,20.Б12-мм,очная,13271
334726,19.Б12-мм,очная,14245
334757,21.Б04-мм,очная,14246
334774,21.Б05-мм,очная,14246
334776,21.Б06-мм,очная,14246
334734,20.Б04-мм,очная,13270
334742,20.Б06-мм,очная,13270
334766,19.Б04-мм,очная,12213
334725,19.Б05-мм,очная,12213
334730,19.Б06-мм,очная,12213
334421,22.Б04-мм,очная,14249
334123,22.Б05-мм,очная,14249
334365,22.Б06-мм,очная,14249
334462,22.Б11-мм,очная,13273
334091,22.Б15-мм,очная,13273
334755,21.Б11-мм,очная,12195
334764,21.Б15-мм,очная,12195
334756,20.Б11-мм,очная,14250
334768,19.Б11-мм,очная,14300
334472,22.Б07-мм,очная,13398
334407,22.Б08-мм,очная,13398
334037,22.Б09-мм,очная,13398
334044,22.Б10-мм,очная,13398
334738,21.Б07-мм,очная,14295
334733,21.Б08-мм,очная,14295
334760,21.Б09-мм,очная,14295
334758,21.Б10-мм,очная,14295
334770,20.Б07-мм,очная,13418
334753,20.Б08-мм,очная,13418
334736,20.Б09-мм,очная,13418
334750,20.Б10-мм,очная,13418
362467,22_1027_2c,очно-заочная,14296
356735,22_1027_МАИС_1с,очно-заочная,14296
361455,21_1027_МАИС,очно-заочная,13419
360611,1527_ОПР_1_2022,очно-заочная,13420
386784,1527_ОПР_1_2023,очно-заочная,13420
358846,22_1813_ПКуИнф,очно-заочная,13446
357911,22_1814_ПКуМатем,очно-заочная,13415
357819,22_1812_ПКуРязык,очно-заочная,14312
381753,22_2363_2023,очно-заочная,13271
384533,22_2257_2023,очно-заочная,13269
334896,22.М09-мм,очная,13270
334897,22.М08-мм,очная,12197
334010,22.М02-мм,очная,14249
334146,22.М03-мм,очная,14249
334761,21.М02-мм,очная,13273
334729,21.М03-мм,очная,13273
334027,22.М04-мм,очная,14250
334163,22.М05-мм,очная,14250
334759,21.М04-мм,очная,14300
334740,21.М05-мм,очная,14300
334313,22.М06-мм,очная,13398
334769,21.М06-мм,очная,14295
334049,22.М07-мм,очная,14296
334762,21.М07-мм,очная,13419
335363,21.А03-мм,очная,13420
335341,20.А03-мм,очная,14298
335346,19.А04-мм,очная,13421
335347,21.А04-мм,очная,14316
335360,20.А04-мм,очная,13415
335345,19.А02-мм,очная,13402
335344,21.А01-мм,очная,13411
335359,20.А01-мм,очная,13406
335348,19.А01-мм,очная,14247
335362,21.А05-мм,очная,14245
335340,21.А02-мм,очная,13269
335358,20.А02-мм,очная,14246
335361,19.А03-мм,очная,13270
334447,22.С03-мм,очная,12197
334765,21.С03-мм,очная,14249
336653,20.С03-мм,очная,13273
334741,19.С03-мм,очная,12195
334777,18.С03-мм,очная,14250
334751,17.С03-мм,очная,14300
334444,22.С01-мм,очная,13398
334745,21.С01-мм,очная,14295
336652,20.С01-мм,очная,13418
334767,19.С01-мм,очная,14296
334754,18.С01-мм,очная,13419
334198,22.С02-мм,очная,13420
334723,21.С02-мм,очная,14298
336654,20.С02-мм,очная,13421
334747,19.С02-мм,очная,13446
334737,18.С02-мм,очная,14316
360346,Абдоминальное ультразвуковое исследование в хирургической практике_2133_12.09.22-16.09.22,очная,14312
362384,Актуальные вопросы амбулаторного ведения пациентов с мочекаменной болезнью_1728_13.03.-15.03.2023,очная,13411
360857,Актуальные вопросы кардиологии_1615_10.10.-20.12.2022,очно-заочная,13406
361878,Актуальные вопросы современной урологии_2348_30.01.-18.02.2023,очно-заочная,14247
361958,Актуальные проблемы анестезиологии и реаниматологии_0250_30.01.-27.02.2023,очная,13271
360352,Алкогольные поражения органов ЖКТ_2435_19.09.22-07.10.22,очно-заочная,14245
361347,Аллергология для гастроэнтерологов_2429_15.11.-26.11.2022,очно-заочная,14246
361316,Анализ данных ХМ у больных с электрокардиостимуляторами_1141_10.11.-29.11.2022,очно-заочная,12213
361313,Анализ данных ХМ ЭКГ у больных с брадиаритмиями и блокадами сердца_1594_01.11.-19.11.2022,очно-заочная,14249
383690,Анализ данных ХМ ЭКГ у больных с брадиаритмиями и блокадами сердца_1594_12.05.-24.05.2023,очно-заочная,14249
383679,Анализ данных ХМ ЭКГ у больных с фибриляцией_1543_05.05.-22.05.2023,очно-заочная,13273
361315,Ведение больных с имплантированными устройствами_2366_21.11.-26.11.2022,очная,14250
331527,22.Б09-нз,очная,14300
331561,22.Б10-нз,очная,14300
331545,22.Б11-нз,очная,14300
362809,Вирусные инфекции в медицинской практике_2442_22.05.-26.05.2023,очная,13398
386675,Гастроэнтерология_2090_22.05.-19.06.2023,очно-заочная,13418
360508,ПП Гастроэнтерология_2106-22.09-20.12.2022_1 группа,очно-заочная,13418
360580,ПП Гастроэнтерология_2106-22.09-21.12.2022_2 группа,очно-заочная,13418
361887,ПП Гастроэнтерология_2106-23.01.-19.05.2023,очно-заочная,13418
362096,ПП Гастроэнтерология_2106-23.01.-23.05.2023_2гр,очно-заочная,13418
362452,Гастроэнтерология:аутоимунные заболевания ЖКТ_0519_13.03.-31.03.2023,очно-заочная,13419
383685,"Диагностика и лечение желудочковых аритмий, проф внезапной сердечной смерти_2188_10.05.20.05.2023",очно-заочная,14298
361257,Диетология ПК_2135_31.10.-30.11.2022,очно-заочная,13421
360484,ПП Диетология_2201_22.09-20.12.22_1гр,очно-заочная,13421
360489,ПП Диетология_2201_22.09-21.12.22_2гр,очно-заочная,13421
361953,ПП Диетология_2201_23.01.-20.05.2023_1гр,очно-заочная,13421
361954,ПП Диетология_2201_23.01.-22.05.2023_2гр,очно-заочная,13421
360849,Дифференциальная диагностика основных терапевтических синдромов_1151_10.10.-15.11.2022,очно-заочная,14316
362453,Заболевания вульвы и влагалища в амбулаторной клинической практике_1114_17.03.-20.03.2023,очная,13415
361442,Заболевания шейки матки в амбулаторной гинекологической практике_1111_02.12.-05.12.2022,очная,13406
361687,Инновационные методы диагностики и лечения атеросклероза_1799_24.12.-27.12.2022,очная,13271
361779,Инновационные методы диагностики и лечения атеросклероза_1799_24.12-27.12.22,очная,13271
383486,Канцеропревенция в гастроэнтерологии_2505_17.04.-10.05.2023,очно-заочная,14245
360510,ПП Кардиология - 1059_19.09-17.12.2022,очная,13269
362283,Клиническая электрокардиография_1635_20.02.-25.03.2023,очно-заочная,13270
362284,Клиническая электрокардиография_1635_20.02.-25.03.2023,очно-заочная,13270
361353,УЗД в акушерстве и гинекологии_0479_30.11.-14.12.2022,очная,14294
360847,"Комбинированное мониторирование ЭКГ, АД и дыхания_2141_10.10.-08.11.2022",очно-заочная,12213
381746,"Комбинированное мониторирование ЭКГ, АД и дыхания_2141_20.04.-13.05.2023",очно-заочная,12213
361164,Компьютерная и магнитно-резонансная томография в клин.практике_0521_14.11.-30.11.2022,очная,14249
362832,Компьютерная и магнитно-резонансная томография в клин.практике_0521_23.03.-01.04.2023,очная,14249
361518,КТ в диагностике округлых образований в легких: Lung-RADS_2127_05.12.-07.12.2022,очная,12195
362287,Коррекция дислипидимии_2117_11.03.-22.04.2023,очно-заочная,14300
361314,Лекарственные поражения органов ЖКТ_2320_07.11.-25.11.2022,очно-заочная,14295
361349,Лучевая диагностика травм и заболеваний опорно-двигательной системы_0505_05.12.-17.12.2022,очная,14296
386215,Методология обучения врачей в системе НМО_2084_21.04.-12.05.2023,очная,14297
362810,Микробиоценоз при инфекции и соматической патологии_2443_05.06-09.06.2023,очная,14298
383682,Наджелудочковые аритмии: диагностика и лечение_2087_10.05.-20.05.2023,очно-заочная,13446
361348,Нейрорадиология (КТ и МРТ в неврологии)_0501_21.11.-02.12.2022,очная,13402
381749,Нейроурология и уродинамика: теория и практика_1730_03.04.-07.04.2023,очная,13411
387259,Нейроурология и уродинамика: теория и практика_1730_03.07.-07.07.2023,очная,13411
361486,Нейроурология и уродинамика: теория и практика_1730_05.12.-09.12.2022,очная,13411
362103,Нейроурология и уродинамика: теория и практика_1730_06.02.-10.02.2023,очная,13411
362460,Нейроурология и уродинамика: теория и практика_1730_06.02.-10.02.2023,очная,13411
361487,Нейроурология и уродинамика: теория и практика_1730_12.12.-16.12.2022,очная,13411
362100,Нейроурология и уродинамика: теория и практика_1730_13.02.-17.02.2023,очная,13411
362461,Нейроурология и уродинамика: теория и практика_1730_20.03.-24.03.2023,очная,13411
361802,Нейроурология и уродинамика: теория и практика_1730_23.01.-27.01.2023,очная,13411
386217,Нейроурология и уродинамика: теория и практика_1730_24.04.-28.04.2023,очная,13411
387188,Нейроурология и уродинамика: теория и практика_1730_26.06.-30.06.2023,очная,13411
362462,Нейроурология и уродинамика: теория и практика_1730_27.03.-31.03.2023,очная,13411
386569,Нейроурология и уродинамика: теория и практика_1730_29.05.-02.06.2023,очная,13411
361951,Ожирение: современный взгдяд на проблему_2436_30.01.-17.02.2023,очно-заочная,13406
362437,Онкологические заболевания: современные методы диагностики и лечения_2295_20.03.-12.04.2023,очная,13271
384968,Организация здравоохранения и общ.здоровье_0349_24.04.-31.05.2023,очно-заочная,14245
361460,Организация здравоохранения и общ.здоровье_0349_28.11.-17.12.2022,очно-заочная,14245
362464,ПП_Организация здравоохранения и общественное здоровье_1078_01.03.-31.05.2023,очно-заочная,14245
360488,ПП_Организация здравоохранения и общественное здоровье_1078_19.09.-17.12.2022,очно-заочная,14245
362451,Эндометриоз: современные подходы к диагностике и лечению_2411_13.03.-18.03.2023,очная,14246
386572,Основы гистрероскопии и гистерорезектоскопии_2118_15.05.-19.05.2023,очная,12213
360848,Основы гистрероскопии и гистерорезектоскопии_2118_24.10.-29.10.2022,очная,12213
362128,Основы клинической  музыкальной терапии_2296_20.02.-27.02.2023,очная,14249
381750,Основы кольпоскопии_2289_12.04.-18.04.2023,очная,12195
361161,Основы кольпоскопии_2289_14.10.-22.10.2022,очная,12195
362098,Основы кольпоскопии_2289_30.01.-04.02.2023,очная,12195
387157,Особенности миниинвазивной хирургии грыж брюшной стенки_1968_08.06.-10.06.2023,очная,13398
361956,ПП Остеопатия_1054_17.02.2023-10.06.2026,очная,14295
386676,ап,очная,13418
360582,ПП Остеопатия _1054_19.02.2021-08.06.2024_01.09-31.01.23,очная,13418
361955,ПП Остеопатия_1054_19.02.2021-08.06.2024,очная,13418
360583,ПП Остеопатия_1054_19.02.2021-08.06.2024_01.09-31.01.23,очная,13418
360519,ПП Остеопатия_1054_19.02.2021-08.06.2024_3 курс,очная,13418
362286,Острые и хронические формы ишемической болезни сердца_2142_11.03.-15.04.2023,очно-заочная,13419
362288,Современные технологиии снижения сердечно-сосудистого риска_2367_08.04.-27.05,очная,14297
386791,Перкутанная нефролитотрипсия_1732_22.05.-24.05.2023,очная,14298
361805,Перкутанная нефролитотрипсия_1732_23.01.-25.01.2023,очная,14298
381747,Перкутанная нефролитотрипсия_1732_24.04.-26.04.2023,очная,14298
387189,Перкутанная нефролитотрипсия_1732_26.06.-28.06.2023,очная,14298
387260,Перкутанная нефролитотрипсия_1732_28.08.-30.08.2023,очная,14298
333031,21.ОМ.Физиотер,очная,14250
387133,Питание здорового и больного ребенка и подростка_1905_05.06.-23.06.2023,очно-заочная,13421
361950,Практическая аллергология_2490_01.02.-03.02.2023,очно-заочная,13446
362104,Практическая аллергология_2490_01.03.-03.03.2023,очно-заочная,13446
362105,Практическая аллергология_2490_05.04.-07.04.2023,очно-заочная,13446
361035,Практическая аллергология_2490_05.10.-07.10.2022,очно-заочная,13446
362108,Практическая аллергология_2490_07.06.-09.06.2023,очно-заочная,13446
360345,Практическая аллергология_2490_07.09.2022-09.09.2022,очно-заочная,13446
362109,Практическая аллергология_2490_14.06.-16.06.2023,очно-заочная,13446
362106,Практическая аллергология_2490_17.05.-19.05.2023,очно-заочная,13446
360612,Практическая аллергология_2490_21.09.2022-23.09.2022,очно-заочная,13446
361798,Практическая аллергология_2490_25.01.-27.01.2023,очно-заочная,13446
362107,Практическая аллергология_2490_31.05.-02.06.2023,очно-заочная,13446
361036,Программирование здоровья питанием: от рождения до старости_2417_10.10.-28.10.2022,очно-заочная,13415
383688,Психотерапия и основы диетологии расстройств пищевого поведения_2218_17.04.-22.04.2023,очная,13402
361163,Психотерапия и основы диетологии_2218_24.10.-29.10.2022,очная,13402
362806,Реконструктивная урогинекология_1734_03.04.-07.04.2023,очная,13411
387265,Реконструктивная урогинекология_1734_03.07.-07.07.2023,очная,13411
387135,Реконструктивная урогинекология_1734_05.06.-09.06.2023,очная,13411
361517,Реконструктивная урогинекология_1734_05.12.-09.12.2022,очная,13411
362102,Реконструктивная урогинекология_1734_06.02.-10.02.2023,очная,13411
387263,Реконструктивная урогинекология_1734_07.08.-11.08.2023,очная,13411
361799,Реконструктивная урогинекология_1734_09.01.-13.01.2023,очная,13411
362807,Реконструктивная урогинекология_1734_10.04.-14.04.2023,очная,13411
387262,Реконструктивная урогинекология_1734_10.07.-14.07.2023,очная,13411
361305,Реконструктивная урогинекология_1734_12.12.-16.12.2022,очная,13411
362101,Реконструктивная урогинекология_1734_13.02.-17.02.2023,очная,13411
362457,Реконструктивная урогинекология_1734_13.03.-17.03.2023,очная,13411
387315,Реконструктивная урогинекология_1734_14.08.-18.08.2023,очная,13411
386573,Реконструктивная урогинекология_1734_15.05.-19.05.2023,очная,13411
361800,Реконструктивная урогинекология_1734_16.01.-20.01.2023,очная,13411
362808,Реконструктивная урогинекология_1734_17.04.-21.04.2023,очная,13411
387266,Реконструктивная урогинекология_1734_17.07.-21.07.2023,очная,13411
387186,Реконструктивная урогинекология_1734_19.06.-23.06.2023,очная,13411
362458,Реконструктивная урогинекология_1734_20.03.-24.03.2023,очная,13411
387261,Реконструктивная урогинекология_1734_21.08.-25.08.2023,очная,13411
386574,Реконструктивная урогинекология_1734_22.05.-26.05.2023,очная,13411
361801,Реконструктивная урогинекология_1734_23.01.-27.01.2023,очная,13411
381748,Реконструктивная урогинекология_1734_24.04.-28.04.2023,очная,13411
387313,Реконструктивная урогинекология_1734_24.07.-28.07.2023,очная,13411
387187,Реконструктивная урогинекология_1734_26.06.-30.06.2023,очная,13411
362456,Реконструктивная урогинекология_1734_27.02.-03.03.2023,очная,13411
362459,Реконструктивная урогинекология_1734_27.03.-31.03.2023,очная,13411
386575,Реконструктивная урогинекология_1734_29.05.-02.06.2023,очная,13411
361957,Реконструктивная урогинекология_1734_30.01.-03.02.2023,очная,13411
387314,Реконструктивная урогинекология_1734_31.07.-04.08.2023,очная,13411
361165,"Рентгенология (рентгенодиагностика, КТ, МРТ, ПЭТ)_0478_14.11.-05.12.2022",очная,13406
362099,Ретроградная гибкая нефролитотрипсия_1727_06.02.-08.02.2023,очная,13271
387264,Ретроградная гибкая нефролитотрипсия_1727_24.07.-26.07.2023,очная,13271
360853,Сложные вопросы диагностики и лечения прогрес атеросклероза _2262_29.10.-27.11.2022,очно-заочная,13269
360852,Сложные вопросы диагностики и лечения прогрес атеросклероза _2262_29.10.-27.11.2022,очно-заочная,13269
386497,Современная допплерография сердца и крупных сосудов_2431_01.06.-09.06.2023,очная,13270
361352,Современная допплерография сердца и крупных сосудов_2431_05.12.-16.12.2022,очная,13270
361162,Современная тактика ведения пациентов с циррозом печени_2278_24.10.-11.11.2022,очно-заочная,12197
386877,Современная тактика ведения пациентов с циррозом печени_2278_29.05.-16.06.2023,очно-заочная,12197
362450,ПП УЗД_1060_01.03.-31.05.2023,очная,14250
360486,ПП УЗД_1060_19.09.-12.12.2022,очная,14250
387134,УЗД в акушерстве и гинекологии_0479_07.06.-21.06.2023,очная,14294
361952,Ультразвуковое исследование суставов_2220_06.02.-16.02.2023,очная,14295
360856,Функциональная диагностика в кардиологии_2450_10.10.-03.12.2022,очно-заочная,14296
381745,Функциональные расстройства органов пищеварения_2507_03.04.-21.04.2023,очно-заочная,14297
360353,Холтеровское мониторирование ЭКГ и АД _1377_12.09.22-14.10.22,очная,14298
361395,Холтеровское мониторирование ЭКГ и АД _1377_14.11.-16.12.2022,очная,14298
362285,Холтеровское мониторирование ЭКГ и АД _1377_27.02.-31.03.2023,очная,14298
386576,Холтеровское мониторирование ЭКГ и АД _1377_29.05.-09.06.2023,очная,14298
362289,Современные подходы к лечению почечных камней_1731_27.02.-03.03.2023,очная,13446
386793,Школа пельвиоперинеологии_1969_01.06.-03.06.2023,очная,14316
362805,Экспертная деятельность в сфере ОМС_0969_03.04.-29.04.2023,очно-заочная,13415
362454,Экспертная деятельность в сфере ОМС_0969_06.02.-07.03.2023,очно-заочная,13415
386270,Экспертная деятельность в сфере ОМС_0969_06.02.-07.03.2023,очно-заочная,13415
362455,Экспертная деятельность в сфере ОМС_0969_13.03.-08.04.2023,очно-заочная,13415
360347,Экспертная деятельность в сфере ОМС_0969_14.11.-10.12.2022,очно-заочная,13415
386876,Экспертная деятельность в сфере ОМС_0969_29.05.-26.06.2023,очно-заочная,13415
362097,Экспертная деятельность в сфере ОМС_0969_30.01.-28.02.2023,очно-заочная,13415
386570,Эндовазальная лазерная облитерация вен_1789_22.05.-02.06.2023,очная,14312
361469,Эпидемиология и профилактика инфекций (ИСМП)_1576_05.12.-17.12.2022,очно-заочная,14247
361275,Эпидемиология и профилактика инфекций (ИСМП)_1576_24.10-08.11.2022,очно-заочная,14247
360689,Эпидемиология и профилактика инфекций (ИСМП)_1576_24.10-08.11.2022,очно-заочная,14247
333445,22.ОМ.АкушГин-1,очная,14245
332960,21.ОМ.АкушГин-1,очная,13269
333464,22.ОМ.АнестРеан,очная,14246
333453,22.ОМ.АнестРеан-КВМТ,очная,14246
333011,21.ОМ.АнестРеан,очная,13270
332921,21.ОМ.АнестРеан-КВМТ,очная,13270
333585,22.ОМ.Дерматовенер,очная,12213
332970,21.ОМ.Дерматовенер,очная,12197
333687,22.ОМ.ИнфекцБ-ни,очная,14249
332998,21.ОМ.ИнфекцБ-ни,очная,13273
333502,22.ОМ.Кардиология-1,очная,12195
333658,22.ОМ.Кардиология-2,очная,12195
333753,22.ОМ.Кардиология-3,очная,12195
333593,22.ОМ.Кардиология-4,очная,12195
332943,21.ОМ.Кардиология-1,очная,14250
332958,21.ОМ.Кардиология-2,очная,14250
332997,21.ОМ.Кардиология-3,очная,14250
333039,21.ОМ.Кардиология-4,очная,14250
333691,22.ОМ.ЛФ,очная,14300
333000,21.ОМ.ЛФ,очная,14294
333534,22.ОМ.Неврология-1,очная,13398
333749,22.ОМ.Неврология-2,очная,13398
332932,21.ОМ.Неврология-1,очная,14295
332936,21.ОМ.Неврология-2,очная,14295
333545,22.ОМ.Нейрохир,очная,13418
333035,21.ОМ.Нейрохир,очная,14296
333612,22.ОМ.Онко-1,очная,13419
333579,22.ОМ.Онко-КВМТ,очная,13419
333042,21.ОМ.Онко-1,очная,14297
332929,21.ОМ.Онко-КВМТ,очная,14297
333551,22.ОМ.Оргздрав,очная,13420
332980,21.ОМ.Оргздрав,очная,14298
333526,22.ОМ.Оторино,очная,13421
332948,21.ОМ.Оторино,очная,13446
333427,22.ОМ.Офтальм,очная,14316
332986,21.ОМ.Офтальм,очная,13415
333704,22.ОМ.Педиат,очная,13402
332968,21.ОМ.Педиат,очная,14312
333727,22.ОМ.Психиатрия,очная,13411
333021,21.ОМ.Психиатрия,очная,13406
333694,22.ОМ.Рентген-1,очная,14247
333622,22.ОМ.Рентген-2,очная,14247
333018,21.ОМ.Рентген-1,очная,13271
332946,21.ОМ.Рентген-2,очная,13271
333718,22.ОМ.Терапия-1,очная,14245
333441,22.ОМ.Терапия-2,очная,14245
333586,22.ОМ.Терапия-3,очная,14245
333717,22.ОМ.Терапия-4,очная,14245
333546,22.ОМ.Терапия-КВМТ,очная,14245
333023,21.ОМ.Терапия-1,очная,13269
332985,21.ОМ.Терапия-2,очная,13269
333038,21.ОМ.Терапия-3,очная,13269
332974,21.ОМ.Терапия-4,очная,13269
333582,22.ОМ.ТоракХир,очная,14246
332987,21.ОМ.ТоракХир,очная,13270
333516,22.ОМ.ТравматОртоп-КВМТ,очная,12213
333723,22.ОМ.ТравмОртоп-1,очная,12213
332964,21.ОМ.ТравматОртоп-КВМТ,очная,12197
332981,21.ОМ.ТравмОртоп-1,очная,12197
333734,22.ОМ.Урология-1,очная,14249
333719,22.ОМ.Урология-КВМТ,очная,14249
332941,21.ОМ.Урология-1,очная,13273
332947,21.ОМ.Урология-КВМТ,очная,13273
333598,22.ОМ.Физиотер,очная,12195
333649,22.ОМ.Хирургия-1,очная,14300
333653,22.ОМ.Хирургия-2,очная,14300
333679,22.ОМ.Хирургия-3,очная,14300
333459,22.ОМ.Хирургия-4,очная,14300
333664,22.ОМ.Хирургия-КВМТ,очная,14300
333003,21.ОМ.Хирургия-1,очная,14294
333032,21.ОМ.Хирургия-2,очная,14294
332984,21.ОМ.Хирургия-3,очная,14294
332924,21.ОМ.Хирургия-4,очная,14294
332994,21.ОМ.Хирургия-КВМТ,очная,14294
332879,21.АМПД,очная,13398
362874,21.АМПД-Экстернам,очная,13398
332878,21.АМН,очная,14295
332868,20.АМН,очная,13418
362804,21.АФМ,очная,14296
362873,21.АФМ-Экстернам,очная,14296
332858,20.АФМ,очная,13419
333570,22.С01-м,очная,14297
333600,22.С02-м,очная,14297
333632,22.С03-м,очная,14297
333588,22.С04-м,очная,14297
333424,22.С05-м,очная,14297
333663,22.С06-м,очная,14297
333740,22.С07-м,очная,14297
333440,22.С08-м,очная,14297
333716,21.С01-м,очная,13420
333532,21.С02-м,очная,13420
333698,21.С03-м,очная,13420
333601,21.С04-м,очная,13420
333668,21.С05-м,очная,13420
333667,21.С06-м,очная,13420
332703,21.С07-м,очная,13420
333533,21.С08-м,очная,13420
333757,21.С09-м,очная,13420
333638,21.С10-м,очная,13420
333712,20.С01-м,очная,14298
333486,20.С02-м,очная,14298
333628,20.С03-м,очная,14298
333639,20.С04-м,очная,14298
333476,20.С05-м,очная,14298
333556,20.С06-м,очная,14298
333729,20.С07-м,очная,14298
333700,20.С08-м,очная,14298
333707,20.С09-м,очная,14298
333736,20.С10-м,очная,14298
333448,19.С01-м,очная,13421
333602,19.С02-м,очная,13421
332147,19.С03-м,очная,13421
333462,19.С04-м,очная,13421
333646,19.С05-м,очная,13421
333524,19.С06-м,очная,13421
333473,19.С07-м,очная,13421
333497,19.С08-м,очная,13421
333590,19.С09-м,очная,13421
333433,19.С10-м,очная,13421
333578,18.С01-м,очная,13446
333640,18.С02-м,очная,13446
333625,18.С03-м,очная,13446
333513,18.С04-м,очная,13446
333686,18.С05-м,очная,13446
333661,18.С06-м,очная,13446
333469,18.С07-м,очная,13446
333710,18.С08-м,очная,13446
333504,17.С01-м,очная,14316
333451,17.С02-м,очная,14316
333623,17.С03-м,очная,14316
333538,17.С04-м,очная,14316
333511,17.С05-м,очная,14316
333619,17.С06-м,очная,14316
333741,17.С07-м,очная,14316
333430,17.С08-м,очная,14316
334005,1-22,очная,13402
334353,2-22,очная,13402
361961,1-21,очная,14312
361960,2-21,очная,14312
361962,1-20,очная,13411
361959,2-20,очная,13411
333437,1-19,очная,13406
333695,2-19,очная,13406
334062,22.Б01-ФК,очная,13271
334179,21.Б01-ФК,очная,14245
334426,20.Б01-ФК,очная,13269
334164,19.Б01-ФК,очная,14246
362281,МедБио,очная,12213
360217,ПО (для иностранных граждан) гр.1,очная,12213
360218,ПО (для иностранных граждан) гр.10,очная,12213
360229,ПО (для иностранных граждан) гр.11,очная,12213
360230,ПО (для иностранных граждан) гр.12,очная,12213
360231,ПО (для иностранных граждан) гр.13,очная,12213
381754,ПО (для иностранных граждан) гр.13б,очная,12213
360232,ПО (для иностранных граждан) гр.14,очная,12213
360233,ПО (для иностранных граждан) гр.15,очная,12213
360586,ПО (для иностранных граждан) гр.16,очная,12213
361437,ПО (для иностранных граждан) гр.18,очная,12213
360219,ПО (для иностранных граждан) гр.2,очная,12213
360220,ПО (для иностранных граждан) гр.3,очная,12213
360222,ПО (для иностранных граждан) гр.4,очная,12213
360223,ПО (для иностранных граждан) гр.5,очная,12213
360225,ПО (для иностранных граждан) гр.6,очная,12213
360226,ПО (для иностранных граждан) гр.7,очная,12213
360227,ПО (для иностранных граждан) гр.8,очная,12213
360228,ПО (для иностранных граждан) гр.9,очная,12213
361501,ПО (для иностранных граждан) гр.Г1,очная,12213
361502,ПО (для иностранных граждан) гр.Г2,очная,12213
361503,ПО (для иностранных граждан) гр.Г3,очная,12213
361504,ПО (для иностранных граждан) гр.И,очная,12213
361506,ПО (для иностранных граждан) гр.М1,очная,12213
361507,ПО (для иностранных граждан) гр.М2,очная,12213
361505,ПО (для иностранных граждан) гр.Э,очная,12213
334278,22.Б01-мо,очная,13273
334282,22.Б02-мо,очная,13273
334391,22.Б03-мо,очная,13273
334095,22.Б04-мо,очная,13273
334427,22.Б05-мо,очная,13273
334068,22.Б06-мо,очная,13273
334479,22.Б07-мо,очная,13273
334174,22.Б08-мо,очная,13273
334487,22.Б09-мо,очная,13273
334257,22.Б10-мо,очная,13273
334145,22.Б11-мо,очная,13273
334078,22.Б12-мо,очная,13273
333565,21.Б01-мо,очная,12195
333630,21.Б02-мо,очная,12195
333683,21.Б03-мо,очная,12195
333438,21.Б04-мо,очная,12195
333604,21.Б05-мо,очная,12195
333576,21.Б06-мо,очная,12195
333731,21.Б07-мо,очная,12195
333673,21.Б08-мо,очная,12195
333724,21.Б09-мо,очная,12195
333558,21.Б10-мо,очная,12195
333624,21.Б11-мо,очная,12195
333737,21.Б12-мо,очная,12195
333552,20.Б01-мо,очная,14250
333495,20.Б02-мо,очная,14250
333573,20.Б03-мо,очная,14250
333428,20.Б04-мо,очная,14250
333641,20.Б05-мо,очная,14250
333657,20.Б06-мо,очная,14250
333569,20.Б07-мо,очная,14250
333455,20.Б08-мо,очная,14250
333685,20.Б09-мо,очная,14250
333480,20.Б10-мо,очная,14250
333544,20.Б11-мо,очная,14250
333660,20.Б12-мо,очная,14250
333682,20.Б13-мо,очная,14250
333597,19.Б01-мо,очная,14300
333702,19.Б02-мо,очная,14300
333542,19.Б03-мо,очная,14300
333488,19.Б04-мо,очная,14300
333711,19.Б05-мо,очная,14300
333733,19.Б06-мо,очная,14300
333739,19.Б07-мо,очная,14300
333617,19.Б08-мо,очная,14300
333713,19.Б09-мо,очная,14300
333472,19.Б10-мо,очная,14300
334468,22.М01-мо,очная,13418
333655,21.М01-мо,очная,14296
334345,22.М02-мо,очная,14297
333446,21.М02-мо,очная,13420
334118,22.М03-мо,очная,13421
333665,21.М03-мо,очная,13446
334014,22.М16-мо,очная,13415
334041,22.М04-мо,очная,13402
333651,21.М04-мо,очная,14312
334066,22.М15-мо,очная,13406
333493,21.М15-мо,очная,14247
334017,22.М05-мо,очная,14245
333720,21.М05-мо,очная,13269
333631,21.М06-мо,очная,13270
333500,21.М07-мо,очная,12213
334484,22.М08-мо,очная,14249
333514,21.М08-мо,очная,13273
334424,22.М14-мо,очная,14250
333581,21.М14-мо,очная,14300
334316,22.М09-мо,очная,13398
333615,21.М09-мо,очная,14295
334281,22.М10-мо,очная,14296
333751,21.М10-мо,очная,13419
334230,22.М13-мо,очная,13420
333444,21.М13-мо,очная,14298
334293,22.М11-мо,очная,13446
333662,21.М11-мо,очная,14316
334304,22.М12-мо,очная,13402
333539,21.А02-мо,очная,13411
333635,20.А02-мо,очная,13406
333609,21.А01-мо,очная,13271
333477,20.А01-мо,очная,14245
333103,22.Б10-вшм,очная,14246
333087,22.Б11-вшм,очная,14246
333652,21.Б09-вшм,очная,13270
333435,21.Б13-вшм,очная,13270
333616,20.Б07-вшм,очная,12213
333732,19.Б06-вшм,очная,12197
333121,22.Б12-вшм,очная,13273
333094,22.Б13-вшм,очная,13273
333696,19.Б07-вшм,очная,14250
333447,21.Б10-вшм,очная,14300
333621,21.Б11-вшм,очная,14300
333563,21.Б12-вшм,очная,14300
333461,20.Б08-вшм,очная,14294
333503,20.Б09-вшм,очная,14294
333102,22.Б01-вшм,очная,13398
333097,22.Б02-вшм,очная,13398
333096,22.Б03-вшм,очная,13398
333123,22.Б04-вшм,очная,13398
333093,22.Б05-вшм,очная,13398
333091,22.Б06-вшм,очная,13398
333086,22.Б08-вшм,очная,13398
333566,21.Б01-вшм,очная,14295
333670,21.Б02-вшм,очная,14295
333467,21.Б03-вшм,очная,14295
333560,21.Б04-вшм,очная,14295
333499,21.Б05-вшм,очная,14295
333518,21.Б06-вшм,очная,14295
333457,21.Б07-вшм,очная,14295
333743,21.Б08-вшм,очная,14295
333517,20.Б01-вшм,очная,13418
333521,20.Б02-вшм,очная,13418
333536,20.Б03-вшм,очная,13418
333659,20.Б04-вшм,очная,13418
333636,20.Б05-вшм,очная,13418
333481,20.Б06-вшм,очная,13418
345823,20.Б10-вшм,очная,13418
333680,19.Б01-вшм,очная,14296
333485,19.Б02-вшм,очная,14296
333744,19.Б03-вшм,очная,14296
333747,19.Б04-вшм,очная,14296
333515,19.Б05-вшм,очная,14296
360655,Аналитическая деятельность государственного служащего,очно-заочная,14297
362779,Лидеры будущего: операционная эффективность 2023 (группа №2),очно-заочная,13420
362418,Лидеры будущего:операционная эффективность 2023,очно-заочная,13420
362827,Лидеры будущего: стратегический уровень 2023 (группа №1),очно-заочная,13421
386909,Лидеры будущего: стратегический уровень 2023 (группа №2),очно-заочная,13421
332297,21.А16-ип,очная,13271
361536,Менеджмент в здравоохранении 22-23,очно-заочная,14316
333083,22.М04-вшм,очная,13402
333067,21.М04-вшм,очная,14312
333084,22.М02-вшм,очная,13406
333077,21.М02-вшм,очная,14247
333108,22.М01-вшм,очная,14245
333117,21.М01-вшм,очная,13269
333101,22.М03-вшм,очная,12213
333068,21.М03-вшм,очная,12197
334063,21.А01-ВШМ,очная,14249
334189,20.А01-ВШМ,очная,13273
331533,22.Б01-нз,очная,14250
331554,22.Б02-нз,очная,14250
334178,21.Б01-нз,очная,14300
334438,21.Б02-нз,очная,14300
334148,20.Б01-нз,очная,14294
334405,20.Б02-нз,очная,14294
334110,19.Б01-нз,очная,13398
334403,19.Б02-нз,очная,13398
334356,21.Б09-нз,очная,13418
334375,21.Б10-нз,очная,13418
334012,21.Б11-нз,очная,13418
334238,20.Б09-нз,очная,14296
334393,20.Б10-нз,очная,14296
334432,20.Б11-нз,очная,14296
334324,19.Б09-нз,очная,13419
334101,19.Б10-нз,очная,13419
334283,19.Б11-нз,очная,13419
331550,22.Б03-нз,очная,13420
334288,21.Б03-нз,очная,14298
334460,20.Б03-нз,очная,13421
333988,19.Б03-нз,очная,13446
331548,22.Б08-нз,очная,13415
334186,21.Б08-нз,очная,13402
334437,20.Б08-нз,очная,14312
334142,19.Б08-нз,очная,13411
331560,22.Б04-нз,очная,14247
334331,21.Б04-нз,очная,13271
334263,20.Б04-нз,очная,14245
334077,19.Б04-нз,очная,13269
331529,22.Б12-нз,очная,13270
333983,21.Б12-нз,очная,12213
334202,20.Б12-нз,очная,12197
334088,19.Б12-нз,очная,14249
334898,22.Б07-нз,очная,12195
334298,21.Б07-нз,очная,14250
334417,20.Б07-нз,очная,14300
334093,19.Б07-нз,очная,14294
331549,22.Б13-нз,очная,14295
334480,21.Б13-нз,очная,13418
334191,20.Б13-нз,очная,14296
334481,19.Б13-нз,очная,13419
331547,22.Б06-нз,очная,13420
334073,21.Б06-нз,очная,14298
334105,20.Б06-нз,очная,13421
334057,19.Б06-нз,очная,13446
331524,22.Б05-нз,очная,13415
334395,21.Б05-нз,очная,13402
334183,20.Б05-нз,очная,14312
334333,19.Б05-нз,очная,13411
360234,Современные технологии освоения трудноизвлекаемых запасов углеводородного сырья,очная,13271
360351,Фитодизайн интерьера,очная,13269
360348,Эксперт в сфере недропользования,очная,13270
360349,"Восьмимесячные подготовительные курсы по предмету география, подготовка к ЕГЭ",очная,12197
360350,Ланшафтный дизайн,очная,13273
361496,Фитодизайн интерьера без В.О.,очная,14250
361351,Изучение и освоение минеральных ресурсов Мирового океана,очная,14294
361350,Изучение и освоение минеральных ресурсов Мирового океана,очная,14294
334176,21.М37-нз,очная,14295
331559,22.М05-нз,очная,14296
334023,21.М05-нз,очная,13419
331530,22.М29-нз,очная,13420
334008,21.М29-нз,очная,14298
331558,22.М21-нз,очная,13446
334465,21.М21-нз,очная,14316
331562,22.М31-нз,очная,13402
334075,21.М31-нз,очная,14312
331555,22.М23-нз,очная,13406
334259,21.М23-нз,очная,14247
331536,22.М32-нз,очная,14245
334329,21.М32-нз,очная,13269
331551,22.М33-нз,очная,13270
334162,21.М25-нз,очная,12213
331552,22.М27-нз,очная,14249
334286,21.М27-нз,очная,13273
331538,22.М28-нз,очная,14250
331557,22.М10-нз,очная,14294
334128,21.М10-нз,очная,13398
331525,22.М25-нз,очная,13418
334350,21.М28-нз,очная,13419
331553,22.М01-нз,очная,14297
334314,21.М09-нз,очная,14298
331534,22.М26-нз,очная,13421
334279,21.М26-нз,очная,13446
334084,21.М01-нз,очная,13415
331541,22.М22-нз,очная,14312
334050,21.М22-нз,очная,13411
331526,22.М16-нз,очная,13406
334319,21.М16-нз,очная,14247
331532,22.М07-нз,очная,14245
331542,22.М36-нз,очная,14246
334450,21.М36-нз,очная,13270
331187,21.А01-нз,очная,12197
334124,20.А01-нз,очная,14249
331184,21.А02-нз,очная,12195
334042,20.А02-нз,очная,14250
331185,21.А03-нз,очная,14294
334376,20.А03-нз,очная,13398
334165,19.А03-нз,очная,14295
332305,22.М08-ип,очно-заочная,14296
332284,22.М04-ип,очная,14297
332323,21.М04-ип,очная,13420
332316,22.М09-ип,очно-заочная,13421
332289,21.М09-ип,очно-заочная,13446
332324,21.М10-ип,очно-заочная,13446
332341,20.М09-ип,очно-заочная,14316
332300,21.А03-ип,очная,13415
332282,20.А03-ип,очная,13402
332331,21.А17-ип,очная,13411
332296,20.А17-ип,очная,13406
332315,21.А15-ип,очная,13271
332304,20.А15-ип,очная,14245
332293,20.А16-ип,очная,14245
333002,22.Б01-пл,очная,14246
332988,22.Б02-пл,очная,14246
333020,22.Б03-пл,очная,14246
332950,22.Б04-пл,очная,14246
333104,21.Б01-пл,очная,13270
333113,21.Б02-пл,очная,13270
333069,21.Б03-пл,очная,13270
333081,21.Б04-пл,очная,13270
333079,20.Б01-пл,очная,12213
333106,20.Б02-пл,очная,12213
333100,20.Б03-пл,очная,12213
333070,20.Б04-пл,очная,12213
333082,19.Б01-пл,очная,12197
333074,19.Б02-пл,очная,12197
333119,19.Б03-пл,очная,12197
361094,История,очная,13273
334775,22.М02-пл,очная,14295
333120,21.М02-пл,очная,13418
333115,21.М01-пл,очная,13419
334752,22.М09-пл,очная,14297
334779,22.М06-пл,очная,13421
333080,21.М06-пл,очная,13446
334771,22.М04-пл,очная,13415
333075,21.М04-пл,очная,13402
334735,22.М08-пл,очная,13411
334739,22.М03-пл,очная,14247
333088,21.М05-пл,очная,14245
333107,21.М07-пл,очно-заочная,13269
333092,21.А01-пл,очная,14246
333078,20.А01-пл,очная,13270
334301,22.Б15-пу,очная,12197
334291,22.Б16-пу,очная,12197
334362,21.Б15-пу,очная,14249
334026,22.Б01-пу,очная,13273
334341,22.Б02-пу,очная,13273
334007,22.Б03-пу,очная,13273
334469,22.Б04-пу,очная,13273
334201,22.Б05-пу,очная,13273
334133,22.Б06-пу,очная,13273
334048,22.Б07-пу,очная,13273
334156,22.Б08-пу,очная,13273
334168,22.Б09-пу,очная,13273
334102,21.Б01-пу,очная,12195
334471,21.Б02-пу,очная,12195
334404,21.Б03-пу,очная,12195
334120,21.Б04-пу,очная,12195
334111,21.Б05-пу,очная,12195
334488,21.Б06-пу,очная,12195
333990,21.Б07-пу,очная,12195
334477,21.Б08-пу,очная,12195
334029,21.Б09-пу,очная,12195
334215,20.Б01-пу,очная,14250
334207,20.Б02-пу,очная,14250
334199,20.Б03-пу,очная,14250
334226,20.Б04-пу,очная,14250
333997,20.Б05-пу,очная,14250
334208,20.Б06-пу,очная,14250
334302,20.Б07-пу,очная,14250
334382,20.Б08-пу,очная,14250
334317,20.Б09-пу,очная,14250
334352,19.Б01-пу,очная,14300
334237,19.Б02-пу,очная,14300
334478,19.Б03-пу,очная,14300
334369,19.Б04-пу,очная,14300
334122,19.Б05-пу,очная,14300
334348,19.Б06-пу,очная,14300
334269,19.Б07-пу,очная,14300
334306,19.Б08-пу,очная,14300
334378,19.Б09-пу,очная,14300
334300,22.Б14-пу,очная,13398
334204,21.Б14-пу,очная,14295
334358,20.Б14-пу,очная,13418
334150,22.Б11-пу,очная,14296
334442,22.Б12-пу,очная,14296
334232,21.Б11-пу,очная,13419
334482,21.Б12-пу,очная,13419
334030,20.Б11-пу,очная,14297
334070,20.Б12-пу,очная,14297
334239,20.Б13-пу,очная,14297
334408,19.Б11-пу,очная,13420
334227,19.Б12-пу,очная,13420
333995,19.Б13-пу,очная,13420
334303,19.Б14-пу,очная,13421
362861,22_1547_2023,очно-заочная,14316
361537,22_2293_декабрь,очно-заочная,13415
334103,21.М16-пу,очная,13402
334900,22.М19-пу,очная,13411
335118,22.М03-пу,очная,13406
334006,21.М03-пу,очная,14247
334899,22.М20-пу,очная,14245
334079,22.М14-пу,очная,13269
334184,21.М14-пу,очная,14246
334402,22.М18-пу,очная,12213
334125,21.М18-пу,очная,12197
334262,22.М02-пу,очная,13273
334159,21.М02-пу,очная,12195
334418,22.М01-пу,очная,14300
334233,22.М04-пу,очная,14300
334328,22.М05-пу,очная,14300
334446,22.М07-пу,очная,14300
334264,22.М17-пу,очная,14300
334315,21.М01-пу,очная,14294
334213,21.М04-пу,очная,14294
334147,21.М07-пу,очная,14294
334323,22.М13-пу,очная,14295
334320,21.М13-пу,очная,13418
334266,22.М06-пу,очная,13419
334117,21.М06-пу,очная,14297
334173,22.М12-пу,очная,14316
334241,21.М12-пу,очная,13415
334059,22.М09-пу,очная,14312
334134,21.М09-пу,очная,13411
334280,21.М11-пу,очная,14247
358364,22.М10-пу,очная,14245
334203,22.М11-пу,очная,14245
334420,21.М10-пу,очная,13269
332194,21.А02-пу,очная,13270
332197,20.А02-пу,очная,12213
332175,21.А01-пу,очная,14249
332221,20.А01-пу,очная,13273
332191,19.А01-пу,очная,12195
332234,21.А03-пу,очная,14300
332170,20.А03-пу,очная,14294
332233,19.А03-пу,очная,13398
332286,22.Б01-пс,очная,13418
332294,22.Б02-пс,очная,13418
332338,22.Б03-пс,очная,13418
359970,22.Б04-пс,очная,13418
332326,21.Б01-пс,очная,14296
332288,21.Б02-пс,очная,14296
332322,21.Б03-пс,очная,14296
332329,21.Б04-пс,очная,14296
332337,20.Б01-пс,очная,13419
332298,20.Б02-пс,очная,13419
332301,20.Б03-пс,очная,13419
332320,20.Б04-пс,очная,13419
332307,19.Б01-пс,очная,14297
332339,19.Б02-пс,очная,14297
332313,19.Б03-пс,очная,14297
387243,ДОП СПСС июнь 2023,очная,14298
387118,ДОП деловое общение 5-9.06.2023,очная,13421
361937,22/1158/1 Клиническая психология,очная,14316
361936,22/1158/1 Клиническая психология 1 семестр весна 2023,очная,14316
358149,21/1158/1 3 семестр,очная,13415
358251,Клиническая психология 21/1158/1 2021/2022,очная,13415
361551,ДОП краткосрочное консультирование 21-27.12.2022,очная,13402
365425,ДОП краткосрочное консультирование 22.03-28.03 2023,очная,13402
386829,ДОП краткосрочное консультирование 24-30 мая 2023,очная,13402
361993,ДОП краткосрочное консультирование 25-31.01.2023,очная,13402
386907,ДОП МБТ1 29.05.-03.06.,очная,13411
362110,ДОП Методы психотерапии  30.01.-02.02.2023,очная,13406
387352,ДОП ВШ и ДПО 2023,очная,13271
361108,22/1070/1 ДОП Преподаватель высшей школы,очная,13269
386638,ДОП выгорание педагога 16-19 мая,очная,14246
361458,22/1018/1 ДОП 22ПП-1(2),очная,12213
361459,22/1018/1 ДОП 22ПП-2(3),очная,12213
360700,22/1018/1 ДОП Психология 1 модуль 22ПП-1(2) (группа 1-2),очная,12213
361002,22/1018/1 ДОП Психология 1 модуль 22ПП-2(3) (группа 2 и 3),очная,12213
360701,22/1018/1 ДОП Психология 1 модуль 22ПП-3 (группа 3),очная,12213
361270,22/1018/1 ДОП Психология 22ПП4,очная,12213
386855,ДОП 22/1018 22ПП-1(2) и 2(3),очная,12213
361882,ДОП 22/1018/1  Модуль 4 Группа 4 ,очная,12213
361883,ДОП 22/1018/1  Модуль 4 Группа 5,очная,12213
361269,ДОП 22/1018/1  Психология Группа 5,очная,12213
361791,ДОП 22/1018/1 Модуль 4 Группа 1(2),очная,12213
361792,ДОП 22/1018/1 Модуль 4 Группа 2(3),очная,12213
361790,ДОП 22/1018/1 Поток 1 Группы 22ПП-1(2) и 2(3),очная,12213
361268,20/1019/1 ДОП Психология  5 семестр ЗО,очно-заочная,14249
382849,ДОП Психология (для поступающих в магистратуру) 2023,очная,14250
382860,ДОП психология кризисных и экстремальных ситуаций 03.04-08.04,очная,14294
384102,ДОП современные педагогические 22.04.-29.04.2023,очная,14295
361039,ДОП Современные психологические технологии управления персоналом 2022,очная,13418
386947,ДОП Управление конфликтов 30-31 мая 2023,очная,14296
387215,ДОП управление конфликтом 14-15,очная,14296
387163,ДОП управление конфликтом 7-8.06.2023,очная,14296
386459,ДОП Эффективная коммуникация 02.05.-05.05.,очная,13419
362886,ДОП эффективная коммуникация 11.04-14.04 2023,очная,13419
361292,ДОП эффективная коммуникация 2022,очная,13419
387119,ДОП эффективная коммуникация 5-8.06.2023,очная,13419
360462,ДОП биология для школьников 2022-2023,очная,13420
361104,ДОП математика для школьников 2022-2023,очная,13421
360509,ДОП математика для школьников 2022-2023,очная,13421
361282,ДОП русский язык для школьников 2022,очная,14316
332578,22.М07-пс,очная,13402
332480,21.М07-пс,очная,14312
332484,22.М02-пс,очная,13406
332502,21.М02-пс,очная,14247
332587,21.М03-пс,очная,14245
332536,22.М03-пс,очная,14246
332557,22.М05-пс,очная,13270
332510,21.М05-пс,очная,12213
332594,22.М04-пс,очная,14249
332505,21.М04-пс,очная,13273
332620,22.М06-пс,очная,14250
332546,21.М06-пс,очная,14300
332618,22.М10-пс,очная,13398
332592,21.М10-пс,очная,14295
332486,22.М01-пс,очная,14296
332495,21.М01-пс,очная,13419
332291,21.А02-пс,очная,13420
332279,20.А02-пс,очная,14298
332309,21.А01-пс,очная,13446
332336,20.А01-пс,очная,14316
360216,22.Б04-пс,очная,13402
332290,22.С01-пс,очная,13402
332321,22.С02-пс,очная,13402
332332,22.С04-пс,очная,13402
332317,21.С01-пс,очная,14312
332311,21.С02-пс,очная,14312
332310,21.С04-пс,очная,14312
332285,21.С05-пс,очная,14312
332328,20.С01-пс,очная,13411
332306,20.С02-пс,очная,13411
332319,20.С04-пс,очная,13411
332327,19.С01-пс,очная,13406
332334,19.С02-пс,очная,13406
332303,18.С01-пс,очная,14247
332281,18.С02-пс,очная,14247
332295,18.С03-пс,очная,14247
332280,18.С04-пс,очная,14247
332287,18.С06-пс,очная,14247
332283,17.С01-пс,очная,13271
332308,17.С02-пс,очная,13271
332302,17.С03-пс,очная,13271
332312,17.С04-пс,очная,13271
332314,17.С06-пс,очная,13271
332299,22.С03-пс,очная,13269
332330,21.С03-пс,очная,14246
332325,20.С03-пс,очная,13270
332318,19.С03-пс,очная,12213
332333,18.С07-пс,очная,12197
332335,18.С08-пс,очная,12197
332999,22.Б01-си,очная,14249
332445,21.Б01-си,очная,13273
332458,20.Б01-си,очная,12195
332456,19.Б01-си,очная,14250
361003,Группа А8,очная,14294
361004,Группа И8,очная,14295
361048,Группа Р8,очная,14296
333022,22.М01-си,очная,14297
332437,21.М01-си,очная,13420
332996,22.М08-си,очная,13421
332455,21.М08-си,очная,13446
332955,22.М07-си,очная,13415
332430,21.М07-си,очная,13402
332538,22.Б01-с,очная,13411
332612,21.Б01-с,очная,13406
332488,20.Б01-с,очная,14247
332440,19.Б01-с,очная,13271
332561,22.Б02-с,очная,13269
332532,21.Б02-с,очная,14246
332556,20.Б02-с,очная,13270
332447,19.Б02-с,очная,12213
332554,22.Б03-с,очная,14249
332516,22.Б04-с,очная,14249
332524,22.Б05-с,очная,14249
332533,22.Б06-с,очная,14249
332500,21.Б03-с,очная,13273
332501,21.Б04-с,очная,13273
332581,21.Б05-с,очная,13273
332482,21.Б06-с,очная,13273
332492,20.Б03-с,очная,12195
332534,20.Б04-с,очная,12195
332566,20.Б05-с,очная,12195
332558,20.Б06-с,очная,12195
332418,19.Б03-с,очная,14250
332443,19.Б04-с,очная,14250
332461,19.Б05-с,очная,14250
332420,19.Б06-с,очная,14250
361092,Вопросы реализации государственной политики в сфере добровольчества (волонтерства),очная,14294
361093,Обществознание,очная,13398
332600,22.М03-с,очная,13418
332599,21.М03-с,очная,14296
332539,22.М01-с,очная,14297
332609,21.М01-с,очная,13420
332511,22.М05-с,очная,13421
332616,22.М06-с,очная,13421
332541,22.М07-с,очная,13421
332548,22.М08-с,очная,13421
332573,21.М04-с,очная,13446
332523,21.М05-с,очная,13446
332611,21.М06-с,очная,13446
332617,21.М07-с,очная,13446
332607,22.М02-с,очная,13415
332526,21.М02-с,очная,13402
332614,22.М04-с,очная,13411
332517,21.А01-с,очная,13406
361362,21.А01-с ,очная,13406
386914,20.А01-с,очная,14247
332506,20.А01-с,очная,14247
386844,20.А01-с,очная,14247
362401,22.А02-с,очная,14245
356765,22.А06-с,очная,14245
332956,22.ОС.Ортодонтия-1,очная,13269
332976,22.ОС.Ортодонтия-2,очная,13269
333004,22.ОС.Ортодонтия-3,очная,13269
333001,21.ОС.Ортодонтия-1,очная,14246
332928,21.ОС.Ортодонтия-2,очная,14246
332926,21.ОС.Ортодонтия-3,очная,14246
333040,22.ОС.СтомДет-1,очная,13270
333030,22.ОС.СтомДет-2,очная,13270
333043,21.ОС.СтомДет-1,очная,12213
332937,21.ОС.СтомДет-2,очная,12213
332952,22.ОС.СтомОП-1,очная,12197
332925,22.ОС.СтомОП-2,очная,12197
333013,22.ОС.СтомОП-3,очная,12197
332990,21.ОС.СтомОП-1,очная,14249
332983,21.ОС.СтомОП-2,очная,14249
332991,21.ОС.СтомОП-3,очная,14249
332965,22.ОС.СтомОртоп-1,очная,13273
333028,22.ОС.СтомОртоп-2,очная,13273
332993,22.ОС.СтомОртоп-3,очная,13273
332942,22.ОС.СтомОртоп-4,очная,13273
332945,21.ОС.СтомОртоп-1,очная,12195
332939,21.ОС.СтомОртоп-2,очная,12195
332944,21.ОС.СтомОртоп-3,очная,12195
332982,21.ОС.СтомОртоп-4,очная,12195
333014,22.ОС.СтомТер-1,очная,14250
332949,22.ОС.СтомТер-2,очная,14250
332989,22.ОС.СтомТер-3,очная,14250
332995,22.ОС.СтомТер-4,очная,14250
332957,21.ОС.СтомТер-1,очная,14300
333009,21.ОС.СтомТер-2,очная,14300
332923,21.ОС.СтомТер-3,очная,14300
332963,21.ОС.СтомТер-4,очная,14300
333029,22.ОС.СтомХир-1,очная,14294
332979,22.ОС.СтомХир-2,очная,14294
333017,22.ОС.СтомХир-3,очная,14294
333024,22.ОС.СтомХир-4,очная,14294
333025,21.ОС.СтомХир-1,очная,13398
332992,21.ОС.СтомХир-2,очная,13398
332940,21.ОС.СтомХир-3,очная,13398
332961,21.ОС.СтомХир-4,очная,13398
333006,22.ОС.ЧЛХ-1,очная,14295
332969,22.ОС.ЧЛХ-2,очная,14295
332951,21.ОС.ЧЛХ-1,очная,13418
332922,21.ОС.ЧЛХ-2,очная,13418
332867,21.АСтом,очная,14296
332887,20.АСтом,очная,13419
333746,22.С01-ст,очная,14297
333535,22.С02-ст,очная,14297
333756,22.С03-ст,очная,14297
333487,22.С04-ст,очная,14297
333605,21.С01-ст,очная,13420
333555,21.С02-ст,очная,13420
333474,21.С03-ст,очная,13420
333547,21.С04-ст,очная,13420
333721,21.С05-ст,очная,13420
333620,21.С06-ст,очная,13420
333674,20.С01-ст,очная,14298
333684,20.С02-ст,очная,14298
333561,20.С03-ст,очная,14298
333690,20.С04-ст,очная,14298
333629,19.С01-ст,очная,13421
333614,19.С02-ст,очная,13421
333650,19.С03-ст,очная,13421
333478,19.С04-ст,очная,13421
333697,18.С01-ст,очная,13446
333439,18.С02-ст,очная,13446
333466,18.С03-ст,очная,13446
333553,18.С04-ст,очная,13446
360236,22.АМ.АкушГин,очная,13415
356326,22.А02-х,очная,13402
360238,22.АМ.АнестРеан,очная,14312
356500,22.А02-ии,очная,13411
356431,22.А01-Б,очная,13406
356424,22.А01-мкн,очная,14247
356387,22.А01-мм,очная,14247
356746,22.А07-ии,очная,13271
360241,22.АМ.Вн.болезни,очная,14245
356514,22.А07-пс,очная,13269
356457,22.А03-в,очная,14246
356501,22.А06-ии,очная,14246
356323,22.А07-х,очная,13270
356453,22.А13-фз,очная,13270
356426,22.А03-ПУ,очная,12213
356372,22.А06-мкн,очная,12213
356374,22.А06-мм,очная,12213
356379,22.А03-Б,очная,12197
356307,22.А07-нз,очная,14249
356303,22.А05-нз,очная,13273
356343,22.А12-нз,очная,12195
356371,22.А03-мкн,очная,14250
356398,22.А03-мм,очная,14250
356348,22.А11-нз,очная,14300
356305,22.А06-нз,очная,14294
356306,22.А03-нз,очная,13398
356818,22.А03-пл,очная,14295
356380,22.А02-мкн,очная,13418
356395,22.А02-мм,очная,13418
356458,22.А02-фз,очная,13418
360354,22.А09-ПУ,очная,13418
356419,22.А06-Б,очная,14296
356381,22.А15-мм,очная,13419
356384,22.А11-мм,очная,14297
360355,22.А11-ПУ,очная,14297
356504,22.А04-ии,очная,13420
356469,22.А12-иф,очная,14298
356392,22.А15-фл,очная,14298
356762,22.А01-пл,очная,13421
356397,22.А02-мо,очная,13446
356505,22.А05-ии,очная,14316
356474,22.А02-иф,очная,13415
360243,22.АМ.Кардиология,очная,13402
356407,22.А08-Б,очная,14312
356329,22.А10-х,очная,13411
356519,22.А08-пс,очная,13406
356376,22.А12-фз,очная,14247
356459,22.А02-в,очная,13271
356421,22.А09-фл,очная,13271
356467,22.А05-иф,очная,14245
360242,22.АМ.Луч.диагн,очная,13269
356389,22.А04-Б,очная,14246
356378,22.А04-мкн,очная,13270
356369,22.А05-мм,очная,13270
360356,22.А10-ПУ,очная,13270
356422,22.А02-э,очная,12213
356410,22.А14-мм,очная,12197
356399,22.А04-ПУ,очная,14249
356370,22.А12-мм,очная,14249
356331,22.А01-вшж,очная,13273
356515,22.А06-пс,очная,12195
356319,22.А16-х,очная,14250
356744,22.А01-ю.5.1.5.,очная,14300
356427,22.А01-мо,очная,14294
331806,19.Б03-иф,очная,13398
356454,22.А01-ВШМ,очная,14295
356520,22.А02-ип,очная,13418
356513,22.А09-пс,очная,13418
356360,22.А01-ПУ,очная,14296
356403,22.А08-мкн,очная,14296
356391,22.А08-мм,очная,14296
356393,22.А09-мкн,очная,13419
356400,22.А09-мм,очная,13419
356361,22.А05-Б,очная,14297
356333,22.А10-нз,очная,13420
356365,22.А05-э,очная,14298
356455,22.А01-фз,очная,13421
360240,22.АМ.Неврология,очная,13446
356334,22.А01-х,очная,14316
356324,22.А08-нз,очная,13415
356518,22.А01-ип,очная,13402
356516,22.А01-пс,очная,14312
356304,22.А04-нз,очная,13411
360237,22.АМ.ОнкоЛуч.тер,очная,13406
356476,22.А01-иф,очная,14247
356386,22.А05-фз,очная,13271
356328,22.А03-х,очная,14245
356502,22.А01-ии,очная,13269
356523,22.А04-пс,очная,14246
356325,22.А09-нз,очная,13270
356764,22.А04-с,очная,12213
356819,22.А02-пл,очная,12197
356335,22.А13-нз,очная,14249
356471,22.А13-иф,очная,13273
360235,22.АМ.ПсихНаркол,очная,12195
356521,22.А03-пс,очная,14250
356517,22.А02-пс,очная,14300
356740,22.А01-ю.5.1.2.,очная,14294
356452,22.А04-фз,очная,13398
356337,22.А13-х,очная,14295
356367,22.А03-э,очная,13418
356413,22.А01-фл,очная,14296
356415,22.А04-фл,очная,13419
356390,22.А05-фл,очная,13419
356368,22.А06-ПУ,очная,14297
356465,22.А07-иф,очная,13420
356512,22.А05-пс,очная,14298
356761,22.А03-с,очная,13421
356767,22.А05-с,очная,13446
356340,22.АСтом,очная,14316
356742,22.А01-ю.5.1.1.,очная,13415
356377,22.А05-ПУ,очная,13402
356402,22.А13-мм,очная,13402
356408,22.А02-ПУ,очная,14312
356423,22.А07-мкн,очная,14312
356411,22.А07-мм,очная,14312
356468,22.А11-иф,очная,13411
356404,22.А03-фз,очная,13406
356383,22.А07-фл,очная,14247
356362,22.А04-мм,очная,13271
356394,22.А05-мкн,очная,13271
356470,22.А10-иф,очная,14245
356747,22.А03-ип,очная,13269
361167,22.А16-фл,очная,13269
356763,22.А01-с,очная,14246
360244,22.АМ.ТравмОрт,очная,13270
356739,22.А01-ю.5.1.4.,очная,12213
356416,22.А07-ПУ,очная,12197
356483,22.А08-ПУ,очная,14249
356412,22.А11-фз,очная,13273
356385,22.А06-фз,очная,12195
356428,22.А10-мм,очная,14250
356420,22.А09-фз,очная,14300
356366,22.А08-фз,очная,14294
356417,22.А07-фз,очная,13398
356375,22.А02-Б,очная,14295
356302,22.А01-нз,очная,13418
356338,22.А04-х,очная,14296
356473,22.А06-иф,очная,13419
356472,22.А09-иф,очная,14297
356466,22.А08-иф,очная,13420
356429,22.А04-э,очная,14298
356396,22.А03-фл,очная,13421
356322,22.А15-х,очная,13446
360239,22.АМ.Хирургия,очная,14316
356749,22.А01-ю.5.1.3.,очная,13415
356409,22.А09-Б,очная,13402
356425,22.А01-э,очная,14312
356301,22.А02-нз,очная,13411
356401,22.А10-фз,очная,13406
356327,22.А06-х,очная,14247
356363,22.А07-Б,очная,13271
356464,22.А03-иф,очная,14245
356475,22.А04-иф,очная,13269
356503,22.А03-ии,очная,14246
356460,22.А01-в,очная,13270
356373,22.А10-фл,очная,13270
332781,22.Б20-фз,очная,12213
332741,21.Б20-фз,очная,12197
332820,20.Б20-фз,очная,14249
332761,19.Б20-фз,очная,13273
332810,22.Б06-фз,очная,14250
332839,22.Б07-фз,очная,14250
334081,21.Б21-фз,очная,14300
334104,21.Б22-фз,очная,14300
339367,21.Б23-ФЗ,очная,14300
334143,21.Б24-фз,очная,14300
334305,21.Б25-фз,очная,14300
332791,20.Б23-фз,очная,14294
332783,20.Б26-фз,очная,14294
332778,20.Б27-фз,очная,14294
332740,19.Б21-фз,очная,13398
332802,19.Б23-фз,очная,13398
332794,19.Б25-фз,очная,13398
332841,22.Б02-фз,очная,13418
332798,22.Б03-фз,очная,13418
332759,22.Б04-фз,очная,13418
332754,22.Б05-фз,очная,13418
332775,22.Б12-фз,очная,13418
332732,21.Б02-фз,очная,14296
332792,21.Б03-фз,очная,14296
332737,21.Б04-фз,очная,14296
332768,21.Б05-фз,очная,14296
332769,20.Б02-фз,очная,13419
332815,20.Б03-фз,очная,13419
332799,20.Б04-фз,очная,13419
332817,20.Б05-фз,очная,13419
334157,20.Б06-фз,очная,13419
334252,20.Б07-фз,очная,13419
334195,20.Б08-фз,очная,13419
334020,20.Б09-фз,очная,13419
334436,20.Б10-фз,очная,13419
334357,20.Б11-фз,очная,13419
334396,20.Б12-фз,очная,13419
334310,20.Б13-фз,очная,13419
334072,20.Б14-фз,очная,13419
334254,20.Б15-фз,очная,13419
334051,20.Б16-фз,очная,13419
334038,20.Б17-фз,очная,13419
334464,20.Б18-фз,очная,13419
334246,20.Б19-фз,очная,13419
332834,19.Б03-фз,очная,14297
332814,19.Б05-фз,очная,14297
332774,19.Б06-фз,очная,14297
332808,19.Б07-фз,очная,14297
332797,19.Б08-фз,очная,14297
332733,19.Б09-фз,очная,14297
332735,19.Б10-фз,очная,14297
332801,19.Б13-фз,очная,14297
332816,19.Б14-фз,очная,14297
332755,19.Б17-фз,очная,14297
332780,19.Б18-фз,очная,14297
332772,22.Б01-фз,очная,14298
332749,21.Б01-фз,очная,13421
332789,20.Б01-фз,очная,13446
332819,19.Б01-фз,очная,14316
361322,Космическая погода: воздействие на атмосферу и климат В1.1725.2022,очно-заочная,13402
361416,Космическая погода: воздействие на атмосферу и климат В1.1725.2022,очно-заочная,13402
361323,Космическая погода:воздействие на атмосферу и климат В1.1725.2022,очно-заочная,13402
358801,22_0556_ПКуФиз,очно-заочная,13406
386408,Численное моделирование нейтронных экспериментальных установок ДОП В1.2491.2022,очно-заочная,14247
332785,22.М20-фз,очная,14245
335743,21.М20-фз,очная,13269
332784,22.М21-фз,очная,14246
332787,21.М21-фз,очная,13270
332734,21.М23-фз,очная,13270
332725,21.М27-фз,очная,13270
332722,22.М01-фз,очная,12197
332812,22.М02-фз,очная,12197
332809,22.М03-фз,очная,12197
332818,22.М04-фз,очная,12197
332727,22.М05-фз,очная,12197
332767,22.М06-фз,очная,12197
332833,22.М07-фз,очная,12197
332721,22.М08-фз,очная,12197
332731,22.М09-фз,очная,12197
332793,22.М10-фз,очная,12197
332724,22.М11-фз,очная,12197
332723,22.М12-фз,очная,12197
332773,22.М13-фз,очная,12197
332838,22.М14-фз,очная,12197
332806,22.М15-фз,очная,12197
332779,22.М16-фз,очная,12197
332827,22.М17-фз,очная,12197
332753,22.М18-фз,очная,12197
332823,22.М19-фз,очная,12197
332786,21.М01-фз,очная,14249
332771,21.М03-фз,очная,14249
332840,21.М04-фз,очная,14249
332796,21.М05-фз,очная,14249
332824,21.М07-фз,очная,14249
332766,21.М08-фз,очная,14249
332782,21.М09-фз,очная,14249
332765,21.М10-фз,очная,14249
332804,21.М11-фз,очная,14249
332788,21.М12-фз,очная,14249
332760,21.М13-фз,очная,14249
332777,21.М14-фз,очная,14249
332745,21.М15-фз,очная,14249
332748,21.М18-фз,очная,14249
332822,22.М26-фз,очная,12195
332736,21.М26-фз,очная,14250
335342,21.А04-фз,очная,13398
335355,20.А04-фз,очная,14295
335350,21.А01-фз,очная,14296
335349,20.А01-фз,очная,13419
335353,21.А05-фз,очная,14297
335343,20.А05-фз,очная,13420
335356,21.А02-фз,очная,13446
335354,20.А02-фз,очная,14316
335351,19.А02-фз,очная,13415
335352,21.А03-фз,очная,14312
335357,20.А03-фз,очная,13411
335339,19.А03-фз,очная,13406
331715,22.Б09-фл,очная,13271
332189,20.Б09-фл,очная,12089
331716,22.Б37-фл,очная,14037
331721,22.Б38-фл,очная,14037
332171,21.Б37-фл,очная,12962
332227,21.Б38-фл,очная,12962
332209,20.Б37-фл,очная,12058
332223,20.Б38-фл,очная,12058
332186,19.Б37-фл,очная,11148
332181,19.Б38-фл,очная,11148
331983,22.Б40-фл,очная,14170
332014,22.Б41-фл,очная,14170
331957,21.Б40-фл,очная,12871
331992,21.Б41-фл,очная,12871
331994,21.Б42-фл,очная,12871
331932,21.Б43-фл,очная,12871
332020,20.Б40-фл,очная,11911
331959,20.Б41-фл,очная,11911
332013,20.Б42-фл,очная,11911
332002,20.Б43-фл,очная,11911
331977,19.Б40-фл,очная,11110
332005,19.Б41-фл,очная,11110
331953,19.Б42-фл,очная,11110
331973,19.Б43-фл,очная,11110
332021,22.Б49-фл,очная,14134
331760,22.Б39-фл,очная,14132
332552,20.Б11-фл,очная,12090
331712,22.Б10-фл,очная,14133
331726,22.Б20-фл,очная,14088
332239,20.Б20-фл,очная,12091
331761,22.Б12-фл,очная,14135
332569,21.Б12-фл,очная,12989
332521,20.Б12-фл,очная,12092
331727,22.Б23-фл,очная,14039
332213,21.Б23-фл,очная,12965
332215,20.Б23-фл,очная,12059
332196,19.Б23-фл,очная,11177
332232,21.Б22-фл,очная,12966
332207,20.Б22-фл,очная,12060
332185,19.Б22-фл,очная,11037
331704,22.Б05-фл,очная,13876
332180,21.Б05-фл,очная,12869
332199,20.Б05-фл,очная,11910
332179,19.Б05-фл,очная,12089
332190,21.Б09-фл,очная,12962
332206,19.Б09-фл,очная,12058
332201,19.Б06-фл,очная,11148
332219,20.Б06-фл,очная,12871
332173,21.Б06-фл,очная,11911
331713,22.Б07-фл,очная,11110
332187,20.Б07-фл,очная,10374
331754,22.Б31-фл,очная,14134
331753,22.Б32-фл,очная,14134
331757,22.Б33-фл,очная,14134
332535,21.Б31-фл,очная,14132
332589,21.Б32-фл,очная,14132
332574,21.Б33-фл,очная,14132
332602,20.Б31-фл,очная,12090
332555,20.Б32-фл,очная,12090
332519,20.Б33-фл,очная,12090
332512,19.Б31-фл,очная,14133
332597,19.Б32-фл,очная,14133
332593,19.Б33-фл,очная,14133
331758,22.Б29-фл,очная,14088
332596,21.Б29-фл,очная,12091
332577,21.Б30-фл,очная,12091
332591,20.Б29-фл,очная,9975
332565,19.Б29-фл,очная,14135
331756,22.Б27-фл,очная,12989
332604,21.Б27-фл,очная,12092
332509,20.Б27-фл,очная,14039
332527,19.Б27-фл,очная,12965
331752,22.Б28-фл,очная,12059
332582,21.Б28-фл,очная,11177
332613,20.Б28-фл,очная,12966
332537,19.Б28-фл,очная,12060
332217,21.Б19-фл,очная,11037
332225,21.Б07-фл,очная,13876
332216,19.Б07-фл,очная,12869
332204,20.Б19-фл,очная,11910
332212,19.Б19-фл,очная,12089
331708,22.Б15-фл,очная,14037
332203,21.Б15-фл,очная,12962
332183,20.Б15-фл,очная,12058
332240,19.Б15-фл,очная,11148
331703,22.Б01-фл,очная,12871
331719,22.Б02-фл,очная,12871
331728,22.Б03-фл,очная,12871
331714,22.Б04-фл,очная,12871
332184,21.Б01-фл,очная,11911
332218,21.Б02-фл,очная,11911
332174,21.Б03-фл,очная,11911
332182,21.Б04-фл,очная,11911
332220,20.Б01-фл,очная,11110
332176,20.Б02-фл,очная,11110
332198,20.Б03-фл,очная,11110
332211,19.Б01-фл,очная,10374
332231,19.Б02-фл,очная,10374
332177,19.Б03-фл,очная,10374
332222,19.Б04-фл,очная,10374
332540,19.Б12-фл,очная,14132
332172,21.Б21-фл,очная,12090
332237,19.Б21-фл,очная,14133
331711,22.Б16-фл,очная,14088
331718,22.Б17-фл,очная,14088
332229,21.Б16-фл,очная,12091
332178,21.Б17-фл,очная,12091
332200,20.Б16-фл,очная,9975
332241,20.Б17-фл,очная,9975
332202,19.Б16-фл,очная,14135
332195,19.Б17-фл,очная,14135
332210,20.Б24-фл,очная,12092
332009,22.Б14-фл,очная,14039
331939,22.Б44-фл,очная,14039
332011,22.Б45-фл,очная,14039
331993,22.Б46-фл,очная,14039
331980,22.Б47-фл,очная,14039
360432,22.ВО-1,очная,14039
360433,22.ВО-2,очная,14039
360434,22.ВО-3,очная,14039
360435,22.ВО-4,очная,14039
360436,22.ВО-5,очная,14039
361679,22.ВО-6,очная,14039
362290,22.ВО-7,очная,14039
360752,22.ПАО-1,очная,14039
360750,22.ПАО-2,очная,14039
360748,22.ПАО-3,очная,14039
360749,22.ПАО-4,очная,14039
360747,22.ПАО-5,очная,14039
360751,22.ПАО-6,очная,14039
360711,ПАО-1,очная,14039
360712,ПАО-2,очная,14039
360713,ПАО-3,очная,14039
360714,ПАО-4,очная,14039
361398,ПАО-4.1,очная,14039
360717,ПАО-5,очная,14039
360715,ПАО-6,очная,14039
360716,ПАО-7,очная,14039
362444,ПАО-8,очная,14039
362445,ПАО-9,очная,14039
331970,21.Б14-фл,очная,12965
332012,21.Б44-фл,очная,12965
331938,21.Б45-фл,очная,12965
332004,21.Б46-фл,очная,12965
331960,20.Б14-фл,очная,12059
331936,20.Б44-фл,очная,12059
331974,20.Б45-фл,очная,12059
331950,20.Б46-фл,очная,12059
331951,19.Б14-фл,очная,11177
331961,19.Б44-фл,очная,11177
331964,19.Б45-фл,очная,11177
331996,19.Б46-фл,очная,11177
331972,19.Б47-фл,очная,11177
331702,22.Б48-фл,очная,12060
332214,21.Б48-фл,очная,11037
331707,22.Б08-фл,очная,13876
332188,21.Б08-фл,очная,12869
332226,20.Б08-фл,очная,11910
332205,19.Б08-фл,очная,12089
332192,20.Б13-фл,очная,12962
332230,19.Б13-фл,очная,11148
331751,22.Б35-фл,очная,14170
331755,22.Б36-фл,очная,14170
332571,21.Б35-фл,очная,12871
332525,21.Б36-фл,очная,12871
332622,20.Б35-фл,очная,11911
332585,20.Б36-фл,очная,11911
332545,19.Б35-фл,очная,11110
332499,19.Б36-фл,очная,11110
332238,20.Б18-фл,очная,14132
331759,22.Б26-фл,очная,12090
332563,21.Б26-фл,очная,14133
332610,20.Б26-фл,очная,14088
332522,19.Б26-фл,очная,12091
332193,21.Б20-фл,очная,9975
332224,19.Б20-фл,очная,14135
332208,19.Б18-фл,очная,12989
332608,20.Б39-фл,очная,12092
361091,ДОП Акселератор интернациональных программ ДПО - русский язык и не только,очно-заочная,12965
386219,Актуальные Филологические исследования - ВИФ,очная,12059
387481,Введение в компьютерную лингвистику,очная,11177
361287,Искусственный интеллект,очная,12966
362446,Искусственный интеллект и речевые технологии,очная,12966
361325,22.Лингводид.тест1,очная,11037
361324,22.Лингводид.тест,очная,13876
360221,22.ПК01-РКИ группы 1-12(3 набор),очно-заочная,11910
361454,22.ПК01-РКИ группы 1-12(4 набор),очно-заочная,11910
381744,22.ПК01-РКИ группы 1-12(5 набор),очно-заочная,11910
387164,22.ПК01-РКИ группы 1-12(6 набор),очно-заочная,11910
388565,22.ПК01-РКИ группы 1-12(7 набор),очно-заочная,11910
362442,Методика препод.РКИ: линг.основы,очная,14037
360967,ДЭО (5 набор),очно-заочная,11148
387169,Практические аспекты преподавания русского языка как иностранного: довузовский этап обучения,очно-заочная,11148
360785,ДОП препод.РКИ гр.1,очная,12871
362291,ДОП препод.РКИ гр.2,очная,12871
362275,Преподавание русского языка как иностранного в Турции. Уровни А0 - В1.,очно-заочная,11110
386792,Преподавание русского языка как иностранного в Турции. Уровни А0 - В1.(группа 2),очно-заочная,11110
382862,"Современное преподавание РКИ: урок, игра и тестирование",очно-заочная,14134
331814,22.Б06-иф,очная,14132
359836,22.Б07-иф,очная,14132
361187,23.ПП01-РКИ,очно-заочная,12090
360637,ППК учебник по РКИ гр.1,очная,14088
360638,ППК учебник по РКИ гр.2,очная,14088
360639,ППК учебник по РКИ гр.3,очная,14088
360620,22.ПК-02-РКИ,очная,12091
362480,ТЕСТИРОВАНИЕ ПО РУССКОМУ ЯЗЫКУ КАК ИНОСТРАННОМУ ,очная,12091
384825,"ДОП-ПК ""СОВРЕМЕННОЕ ПРЕПОДАВАНИЕ РКИ: УРОК, ИГРА И ТЕСТИРОВАНИЕ""",очно-заочная,9975
384746,ДОП-ПК «Школа тестора ТРКИ».,очно-заочная,9975
359429,А9,очная,14135
360681,А9-1,очная,14135
360588,Группа Л9,очная,12092
359427,Группа Л9,очная,12092
359428,Группа Р9,очная,12092
360587,Группа Р9,очная,12965
362376,Группа А5,очная,12966
387155,Группа 1-24 (ВИФ),очная,13876
387136,Группа 1-25 (ВИФ),очная,13876
387154,Группа 1-26 (ВИФ),очная,13876
358986,Группа 1-01,очная,11910
360665,Группа 1-01,очная,11910
360641,Группа 1-02,очная,11910
360666,Группа 1-03,очная,11910
361107,Группа 1-04,очная,11910
361188,Группа 1-05,очная,11910
361519,Группа 1-06,очная,11910
361190,Группа 1-10,очная,11910
362292,Группа 1-16,очная,11910
362436,Группа 1-19,очная,11910
388894,Группа 1-19,очная,11910
362479,Группа 1-21и,очная,11910
360861,Группа 2-01,очная,11910
361273,Группа 2-02,очная,11910
362141,Группа 2-03,очная,11910
362466,Группа 2-04,очная,11910
358970,Группа 1-07,очная,12089
358975,Группы 1-17,очная,12089
361189,Группа 1-09,очная,12962
387479,Русская литература,очная,11148
387480,Русский театр,очно-заочная,14170
362035,"ОП1822,2022 Русский язык для иностранных граждан. Уровень А2",очно-заочная,12871
362859,"ОП1822,2022 Русский язык для иностранных граждан. Уровень А2 Группа 2",очно-заочная,12871
384828,"ОП1822,2022 Русский язык для иностранных граждан. Уровень А2 Группа 3",очно-заочная,12871
386915,"ОП1822,2022 Русский язык для иностранных граждан. Уровень А2 Группа 4",очно-заочная,12871
388265,22/0539/1_Группа 10,очная,11911
388271,22/0539/1_Группа 11,очная,11911
388272,22/0539/1_Группа 12,очная,11911
361202,ДОП РКИ гр. 17,очная,10374
361203,ДОП РКИ гр. 18,очная,10374
361204,ДОП РКИ гр. 19,очная,10374
361205,ДОП РКИ гр. 20,очная,10374
360030,ДОП РКИ гр.1,очная,10374
360521,ДОП РКИ гр.10,очная,10374
360668,ДОП РКИ гр.11,очная,10374
360669,ДОП РКИ гр.12,очная,10374
360670,ДОП РКИ гр.13,очная,10374
360706,ДОП РКИ гр.14,очная,10374
360707,ДОП РКИ гр.15,очная,10374
360709,ДОП РКИ гр.16,очная,10374
360031,ДОП РКИ гр.2,очная,10374
361453,ДОП РКИ гр.21,очная,10374
361549,ДОП РКИ гр.22,очная,10374
361550,ДОП РКИ гр.23,очная,10374
360032,ДОП РКИ гр.3,очная,10374
360033,ДОП РКИ гр.4,очная,10374
360034,ДОП РКИ гр.5,очная,10374
360035,ДОП РКИ гр.6,очная,10374
360036,ДОП РКИ гр.7,очная,10374
360037,ДОП РКИ гр.8,очная,10374
360038,ДОП РКИ гр.9,очная,10374
362180,"ДОП ""Современная русская литература""",очная,12090
361560,1-и15,очная,14088
361438,ДОП Деловой РЯ гр.1,очная,12091
361439,ДОП Деловой РЯ гр.2,очная,12091
361440,22.Деловой РЯ гр.1,очная,9975
361441,22.Деловой РЯ гр.2,очная,9975
361508,22.Деловой РЯ гр.3,очная,9975
384826,ДОП-ПК «Русский язык и литература в вузе и школе: специфика преподавания билингвам и инофонам»,очно-заочная,14135
388776,ДОП-ПК «Русский язык и литература в вузе и школе: специфика преподавания билингвам и инофонам» (3 поток),очно-заочная,14135
362860,Русский язык и литература в вузе и школе: специфика преподавания билингвам и инофонам,очно-заочная,14135
360947,Група 4-06,очная,12989
361084,Группа 4-0,очная,12989
360962,Группа 4-02,очная,12989
361317,Группа 4-03,очная,12989
361041,Группа 4-04,очная,12989
360964,Группа 4-07,очная,12989
360948,Группа 4-08,очная,12989
361042,Группа 4-09,очная,12989
361047,Группа 4-10,очная,12989
360949,Группа 4-11,очная,12989
361049,Группа 4-14,очная,12989
360963,Группаа 4-05,очная,12989
388266,22.Летняя школа_Группа 13,очная,14039
388267,22.Летняя школа_Группа 14,очная,14039
388268,22.Летняя школа_Группа 15,очная,14039
388269,22.Летняя школа_Группа 16,очная,14039
388270,22.Летняя школа_Группа 17,очная,14039
331999,22.М40-фл,очная,12059
332663,21.М40-фл,очная,11177
332027,22.М42-фл,очная,12060
332018,22.М31-фл,очная,11037
332000,22.М32-фл,очная,11037
331944,22.М81-фл,очная,13876
332660,21.М81-фл,очная,12869
331965,22.М71-фл,очная,12089
332661,21.М71-фл,очная,14037
331955,22.М21-фл,очная,12058
331963,22.М22-фл,очная,12058
332031,22.М23-фл,очная,12058
332601,21.М21-фл,очная,11148
332699,21.М22-фл,очная,11148
332697,21.М23-фл,очная,11148
331968,22.М59-фл,очная,12871
332017,22.М65-фл,очная,11911
332568,21.М65-фл,очная,11110
332016,22.М28-фл,очная,14134
332025,22.М29-фл,очная,14134
332649,21.М28-фл,очная,14132
331940,22.М83-фл,очная,14133
332651,21.М83-фл,очная,14088
331978,22.М46-фл,очная,9975
331933,22.М47-фл,очная,9975
332026,22.М48-фл,очная,9975
332007,22.М49-фл,очная,9975
332659,21.М46-фл,очная,14135
332679,21.М48-фл,очная,14135
331986,22.М72-фл,очная,12092
332653,21.М72-фл,очная,14039
331948,22.М11-фл,очная,12059
331945,22.М12-фл,очная,12059
331989,22.М13-фл,очная,12059
332590,21.М11-фл,очная,11177
332485,21.М12-фл,очная,11177
332010,22.М86-фл,очная,12060
332544,21.М86-фл,очная,11037
331985,22.М85-фл,очная,12869
332496,21.М85-фл,очная,11910
331941,22.М54-фл,очная,14037
332664,21.М54-фл,очная,12962
332665,21.М57-фл,очная,14170
332693,21.М58-фл,очная,14170
332019,22.М24-фл,очная,11911
332672,21.М24-фл,очная,11110
331942,22.М01-фл,очная,14134
332015,22.М02-фл,очная,14134
331931,22.М03-фл,очная,14134
331943,22.М05-фл,очная,14134
332504,21.М01-фл,очная,14132
332503,21.М02-фл,очная,14132
332588,21.М03-фл,очная,14132
332487,21.М05-фл,очная,14132
332001,22.М07-фл,очная,14133
332675,21.М07-фл,очная,14088
356522,22.М10-фл,очная,9975
332695,21.М10-фл,очная,14135
332006,22.М75-фл,очная,12989
331935,22.М76-фл,очная,12989
331937,22.М77-фл,очная,12989
332029,22.М78-фл,очная,12989
331958,22.М79-фл,очная,12989
332702,21.М75-фл,очная,12092
332655,21.М76-фл,очная,12092
332687,21.М77-фл,очная,12092
332658,21.М78-фл,очная,12092
332648,21.М79-фл,очная,12092
331976,22.М52-фл,очная,12965
331962,22.М53-фл,очная,12965
332696,21.М52-фл,очная,12059
332680,21.М53-фл,очная,12059
332700,21.М82-фл,очная,12966
331990,22.М61-фл,очная,12060
332567,21.М61-фл,очная,11037
331956,22.М18-фл,очная,12869
332024,22.М19-фл,очная,12869
331979,22.М33-фл,очная,12869
331981,22.М34-фл,очная,12869
331998,22.М35-фл,очная,12869
332003,22.М36-фл,очная,12869
331975,22.М37-фл,очная,12869
331954,22.М38-фл,очная,12869
332008,22.М39-фл,очная,12869
331946,22.М68-фл,очная,12869
332674,21.М33-фл,очная,11910
332698,21.М35-фл,очная,11910
331997,22.М73-фл,очная,14037
332681,21.М73-фл,очная,12962
331982,22.М41-фл,очная,11148
331969,22.М04-фл,очная,12871
332491,21.М04-фл,очная,11911
332030,22.М06-фл,очная,10374
332690,21.М06-фл,очная,14134
332022,22.М56-фл,очная,12090
332668,21.М56-фл,очная,14133
332028,22.М43-фл,очная,12091
332689,21.М43-фл,очная,9975
335972,21.А12-фл,очная,12989
335977,21.А01-фл,очная,12092
335969,21.А02-фл,очная,12092
335962,21.А04-фл,очная,12092
335955,21.А05-фл,очная,12092
335975,21.А06-фл,очная,12092
335959,21.А07-фл,очная,12092
335958,21.А08-фл,очная,12092
335953,21.А10-фл,очная,12092
335974,20.А01-фл,очная,14039
335956,20.А02-фл,очная,14039
335961,20.А04-фл,очная,14039
335976,20.А06-фл,очная,14039
335966,20.А07-фл,очная,14039
335957,20.А08-фл,очная,14039
335960,20.А09-фл,очная,14039
335968,20.А10-фл,очная,14039
335971,21.А13-фл,очная,12059
335965,21.А14-фл,очная,12059
335964,20.А13-фл,очная,11177
335979,20.А14-фл,очная,11177
331819,21.Б04-иф,очная,12060
331829,21.Б07-иф,очная,12060
331786,20.Б04-иф,очная,11037
331801,19.Б05-иф,очная,13876
331811,20.Б06-иф,очная,11910
331825,21.Б05-иф,очная,12089
331822,22.Б05-иф,очная,14037
331803,22.Б04-иф,очная,12058
331808,21.Б06-иф,очная,11148
331810,20.Б05-иф,очная,14170
331816,19.Б07-иф,очная,12871
331812,19.Б08-иф,очная,11110
331800,22.Б03-иф,очная,10374
331795,21.Б03-иф,очная,14134
331827,20.Б03-иф,очная,14132
331797,19.Б06-иф,очная,12090
331823,22.Б01-иф,очная,14088
331802,22.Б02-иф,очная,14088
331817,21.Б01-иф,очная,12091
331805,21.Б02-иф,очная,12091
331799,20.Б01-иф,очная,9975
331794,20.Б02-иф,очная,9975
331791,19.Б01-иф,очная,14135
361397,ДОП 2189 декабрь февраль июнь 2023,очная,12092
387695,ДОП 1285 авг сент окт,очная,12965
362858,ДОП 1285 апрель июнь 2023,очная,12965
358861,ДОП 1285 группа 1 сентябрьоктябрь,очная,12965
361106,ДОП 1285 группа вых дня 1 2023,очная,12965
358862,ДОП 1285 группа октябрьдекабрь,очная,12965
361396,ДОП 1285 ноябрь январь 2023,очная,12965
361105,ДОП 1285 ноябрь январь 2023,очная,12965
362131,ДОП 1285 февраль апрель 2023,очная,12965
331787,22.М08-иф,очная,11177
331824,21.М06-иф,очная,12966
331788,22.М06-иф,очная,11037
331785,21.М02-иф,очная,13876
331789,22.М05-иф,очная,11910
331815,21.М03-иф,очная,12089
331818,22.М07-иф,очная,12962
331813,22.М02-иф,очная,12058
331784,21.М01-иф,очная,11148
331798,22.М01-иф,очная,14170
331793,21.М05-иф,очная,11911
331809,22.М03-иф,очная,10374
331830,21.М04-иф,очная,14134
331796,22.М04-иф,очная,12090
331828,21.М07-иф,очная,14133
331807,21.А03-иф,очная,12091
331804,20.А03-иф,очная,9975
331821,21.А04-иф,очная,12989
331820,20.А04-иф,очная,12092
331826,21.А02-иф,очная,12965
331790,20.А02-иф,очная,12059
331831,21.А01-иф,очная,12966
331792,20.А01-иф,очная,12060
332770,22.Б05-х,очная,13876
332744,21.Б05-х,очная,12869
332764,22.Б01-х,очная,11910
332750,22.Б02-х,очная,11910
332832,22.Б03-х,очная,11910
332825,22.Б04-х,очная,11910
332776,21.Б01-х,очная,12089
332811,21.Б02-х,очная,12089
332830,21.Б03-х,очная,12089
332758,21.Б04-х,очная,12089
332729,20.Б01-х,очная,14037
332728,20.Б02-х,очная,14037
332813,20.Б03-х,очная,14037
332821,20.Б04-х,очная,14037
332829,19.Б01-х,очная,12962
332807,19.Б02-х,очная,12962
332743,19.Б03-х,очная,12962
332730,19.Б04-х,очная,12962
332746,20.Б05-х,очная,11148
332756,19.Б05-х,очная,14170
387202,Атомный оптический спектральный анализ В1.1369.2022,очная,11911
361406,Рентгеноспектральный анализ В1.1370.2022 Осень 2022,очно-заочная,14132
358539,Техника и практика хроматографического анализа В1.1581.2022,очная,14133
358538,Техника и практика хроматографического анализа В1.1581.2022 Октябрь 2022,очная,14133
386216,Техника и практика хроматографического анализа В1.1581.2023 весна 2023,очная,14133
361336,Физические и физико-химические методы и средства количественного  химического анализа В1.1583.2022,очная,12091
358553,Физические и физико-химические методы и средства количественного химического анализа В1.1583.2022,очная,12091
358540,Подготовительные курсы по химии Т1.0935.2022,очная,12989
358541,Подготовительные курсы по химии Т1.0935.2022,очная,12989
362811,Решение задач ЕГЭ по химии повышенного уровня сложности Т1.2416.2022,очно-заочная,14039
386929,Электрохимические источники тока ДОП Х1.2212.2022,очная,11177
332828,22.М02-х,очная,12966
332790,21.М02-х,очная,12060
332831,22.М01-х,очная,13876
332762,21.М01-х,очная,12869
360858,21.А01-х,очная,12089
332236,21.А01-х,очная,12089
360851,21.А01-х,очная,12089
360581,20.А01-х,очная,14037
332228,20.А01-х,очная,14037
332169,19.А01-х,очная,12962
333541,22.Б01-э,очная,11148
333525,22.Б02-э,очная,11148
332842,21.Б01-э,очная,14170
332747,21.Б14-э,очная,14170
333425,20.Б01-э,очная,12871
333426,20.Б12-э,очная,12871
333583,19.Б01-э,очная,11911
333705,22.Б03-э,очная,10374
332726,21.Б02-э,очная,14134
333470,20.Б02-э,очная,14132
333572,19.Б02-э,очная,12090
333510,22.Б08-э,очная,14088
333675,22.Б09-э,очная,14088
333676,22.Б10-э,очная,14088
333443,22.Б11-э,очная,14088
333587,22.Б12-э,очная,14088
333577,22.Б13-э,очная,14088
333557,22.Б14-э,очная,14088
332800,21.Б06-э,очная,12091
332837,21.Б07-э,очная,12091
332805,21.Б08-э,очная,12091
332835,21.Б09-э,очная,12091
332763,21.Б10-э,очная,12091
332826,21.Б11-э,очная,12091
332795,21.Б12-э,очная,12091
332752,21.Б13-э,очная,12091
333701,20.Б06-э,очная,9975
333548,20.Б07-э,очная,9975
333512,20.Б08-э,очная,9975
333645,20.Б09-э,очная,9975
333501,20.Б10-э,очная,9975
333742,20.Б11-э,очная,9975
333642,20.Б13-э,очная,9975
333603,20.б14-Э,очная,9975
333468,19.Б06-э,очная,14135
333726,19.Б07-э,очная,14135
333606,19.Б08-э,очная,14135
333618,19.Б09-э,очная,14135
333644,19.Б10-э,очная,14135
333496,19.Б11-э,очная,14135
333589,22.Б06-э,очная,12092
333748,22.Б07-э,очная,12092
332803,21.Б04-э,очная,14039
332739,21.Б05-э,очная,14039
333596,20.Б04-э,очная,12965
333637,20.Б05-э,очная,12965
333522,19.Б04-э,очная,12059
333643,19.Б05-э,очная,12059
333471,22.Б04-э,очная,12966
333714,22.Б05-э,очная,12966
332836,21.Б03-э,очная,12060
333703,20.Б03-э,очная,11037
333484,19.Б03-э,очная,13876
362851,"Microsoft Power BI как средство поддержки управленческих решений, с 03.04.23 по 07.04.23",очная,11910
360775,БУА-22,очно-заочная,12089
382857,Информационная безопасность,очно-заочная,12962
361355,Мини-МВА.ЭУК-22,очно-заочная,12871
382858,Повышение квалификации аттестованных аудиторов (10.04.2023-14.04.2023),очно-заочная,11911
361547,Повышение квалификации аттестованных аудиторов (12.12.2022-20.12.2022),очно-заочная,11911
387354,Повышение квалификации аттестованных аудиторов (26.06.2023-30.06.2023),очно-заочная,11911
360776,Повышение квалификации аттестованных аудиторов (26.09.2022-30.09.2022),очно-заочная,11911
361509,Повышение квалификации аттестованных налоговых консультантов,очная,10374
361281,Профессиональная работа с электронными таблицами 24.10.22-08.11.2022,очно-заочная,14132
382856,Управление государственными и муниципальными закупками,очная,14133
361057,УИРиП-22,очно-заочная,14088
361191,Управление научными и образовательными проектами,очно-заочная,9975
386908,Управление персоналом организации высшего образования,очно-заочная,14135
361354,УФ-22,очно-заочная,12989
362862,Управленческая команда как фактор эффективного развития образовательной организации,очно-заочная,14039
360774,ФУ-22,очно-заочная,12965
361456,Школа бизнеса,очно-заочная,12060
362891,Информационно-коммуникационные технологии в деятельности образовательной организации,очная,11910
385965,42НК,очная,12089
333494,22.М01-э,очная,12058
333085,21.М16-э,очно-заочная,14170
333693,22.М02-э,очная,11110
334400,21.М02-э,очная,10374
333699,22.М24-э,очно-заочная,14132
333750,22.М04-э,очная,12090
334244,21.М04-э,очная,14133
333475,22.М05-э,очная,12091
334109,21.М05-э,очная,9975
333450,22.М06-э,очная,12092
334384,21.М06-э,очная,14039
333530,22.М15-э,очная,12059
334052,21.М15-э,очная,11177
333519,22.М22-э,очно-заочная,12966
333105,21.М22-э,очно-заочная,12060
333090,20.М22-э,очно-заочная,11037
333531,22.М19-э,очно-заочная,12869
333492,22.М08-э,очная,11910
334032,21.М08-э,очная,12089
333754,22.М09-э,очная,12962
334253,21.М09-э,очная,12058
333436,22.М12-э,очная,14170
334245,21.М12-э,очная,12871
333529,22.М07-э,очная,11110
334392,21.М07-э,очная,10374
333498,22.М13-э,очная,14132
333528,22.М10-э,очная,14133
334160,21.М10-э,очная,14088
333449,22.М17-э,очно-заочная,9975
333071,21.М17-э,очно-заочная,14135
333089,20.М17-э,очно-заочная,12989
333599,22.М23-э,очно-заочная,14039
333110,21.М23-э,очно-заочная,12965
333066,20.М23-э,очно-заочная,12059
333722,22.М18-э,очно-заочная,12966
333124,21.М18-э,очно-заочная,12060
333465,20.М18-э,очно-заочная,11037
333708,22.М11-э,очная,12869
334294,21.М11-э,очная,11910
333520,22.М14-э,очная,14037
333607,21.А01-э,очная,12058
333672,21.А02-э,очная,12058
334773,20.А01-э,очная,11148
333595,20.А02-э,очная,11148
333648,20.А01-э,очная,14170
334190,22.Б01-ю,очная,12871
334443,22.Б02-ю,очная,12871
334002,22.Б03-ю,очная,12871
334385,22.Б04-ю,очная,12871
334475,22.Б05-ю,очная,12871
334256,22.Б06-ю,очная,12871
334137,22.Б07-ю,очная,12871
334334,22.Б08-ю,очная,12871
334152,22.Б09-ю,очная,12871
361903,22.Б2.201-ю,очно-заочная,12871
361901,22.Б2.203-ю,очно-заочная,12871
361899,22.Б2.204-ю,очно-заочная,12871
361890,22.Б2.205-ю,очно-заочная,12871
361894,22.Б2.206-ю,очно-заочная,12871
361897,22.Б2.207-ю,очно-заочная,12871
361896,22.Б2.208-ю,очно-заочная,12871
361895,22.Б2.209-ю,очно-заочная,12871
361892,22.Б2.210-ю,очно-заочная,12871
361902,22.Б2.212-ю,очно-заочная,12871
361898,22.Б2.213-ю,очно-заочная,12871
361893,22.Б2.214-ю,очно-заочная,12871
361904,22.Б2.215-ю,очно-заочная,12871
361900,22.Б2.216-ю,очно-заочная,12871
361891,22.Б2.217-ю,очно-заочная,12871
361889,22.Б2.218-ю,очно-заочная,12871
361888,22.Б2.219-ю,очно-заочная,12871
333979,22.Б2-ю,очно-заочная,12871
334234,21.Б01-ю,очная,11911
334413,21.Б02-ю,очная,11911
334455,21.Б03-ю,очная,11911
334018,21.Б04-ю,очная,11911
334410,21.Б05-ю,очная,11911
334270,21.Б06-ю,очная,11911
334172,21.Б07-ю,очная,11911
333987,21.Б08-ю,очная,11911
333989,21.Б09-ю,очная,11911
334169,21.Б2.201-ю,очно-заочная,11911
334429,21.Б2.202-ю,очно-заочная,11911
334456,21.Б2.203-ю,очно-заочная,11911
334322,21.Б2.204-ю,очно-заочная,11911
334370,21.Б2.205-ю,очно-заочная,11911
334220,21.Б2.206-ю,очно-заочная,11911
333996,21.Б2.207-ю,очно-заочная,11911
334399,21.Б2.208-ю,очно-заочная,11911
334080,21.Б2.209-ю,очно-заочная,11911
334185,21.Б2.210-ю,очно-заочная,11911
336737,21.Б2.211-ю,очно-заочная,11911
334473,20.Б01-ю,очная,11110
334343,20.Б02-ю,очная,11110
333991,20.Б03-ю,очная,11110
334170,20.Б04-ю,очная,11110
334235,20.Б05-ю,очная,11110
334364,20.Б06-ю,очная,11110
334221,20.Б07-ю,очная,11110
334342,20.Б08-ю,очная,11110
334132,20.Б09-ю,очная,11110
334425,20.Б2.201-ю,очно-заочная,11110
334240,20.Б2.203-ю,очно-заочная,11110
334268,20.Б2.204-ю,очно-заочная,11110
333999,20.Б2.205-ю,очно-заочная,11110
334248,20.Б2.206-ю,очно-заочная,11110
334261,20.Б2.207-ю,очно-заочная,11110
334439,20.Б2.210-ю,очно-заочная,11110
334284,20.Б2.211-ю,очно-заочная,11110
334367,20.Б2.212-ю,очно-заочная,11110
334434,20.Б2.213-ю,очно-заочная,11110
333993,20.Б2.214-ю,очно-заочная,11110
334188,20.Б2.215-ю,очно-заочная,11110
334265,20.Б2.217-ю,очно-заочная,11110
334285,20.Б2.218-ю,очно-заочная,11110
334056,20.Б2.219-ю,очно-заочная,11110
334337,20.Б2.220-ю,очно-заочная,11110
334092,20.Б2.221-ю,очно-заочная,11110
334272,20.Б2.222-ю,очно-заочная,11110
334289,20.Б2.223-ю,очно-заочная,11110
334340,20.Б2-209-ю,очно-заочная,11110
334224,19.Б01-ю,очная,10374
334022,19.Б02-ю,очная,10374
334082,19.Б03-ю,очная,10374
334218,19.Б04-ю,очная,10374
334209,19.Б05-ю,очная,10374
334121,19.Б06-ю,очная,10374
334035,19.Б07-ю,очная,10374
334276,19.Б08-ю,очная,10374
334318,19.Б09-ю,очная,10374
353680,19.Б31-ю,очно-заочная,10374
353681,18.Б31-ю,очно-заочная,14134
335747,22.Б11-ю,очная,12090
335739,22.Б12-ю,очная,12090
335753,22.Б13-ю,очная,12090
335746,21.Б11-ю,очная,14133
335745,21.Б12-ю,очная,14133
335740,21.Б13-ю,очная,14133
335754,20.Б11-ю,очная,14088
335757,20.Б12-ю,очная,14088
335751,20.Б13-ю,очная,14088
335742,19.Б11-ю,очная,12091
335744,19.Б12-ю,очная,12091
335755,19.Б13-ю,очная,12091
335752,22.Б14-ю,очная,14135
335741,21.Б14-ю,очная,12989
335748,20.Б14-ю,очная,12092
335750,19.Б14-ю,очная,14039
326705,Актуальные вопросы права и управления финансами для налоговых юристов,очная,11177
360224,Актуальные проблемы гражданского права,очная,12966
362135,Бухгалтерский учёт и экономика фирмы для юристов,очная,11037
362129,Договорное право,очная,12869
362133,Контроль и надзор государства: новый подход. Летняя школа,очная,12089
360485,Корпоративные финансы,очно-заочная,12962
362136,Корпоративный секретарь акционерного общества,очная,11148
386985,"Летняя школа права ""Современные проблемы криминалистики""",очная,12871
386988,Летняя школа права «Современные проблемы криминалистики»,очная,12871
386987,Летняя школа права «Современные проблемы криминалистики»,очная,12871
362134,"Налоговый кодекс, часть I: актуальные проблемы правоприменения и системные подходы к их решению",очная,11110
360850,Нотариальная практика (день),очная,14134
360703,Нотариальная практика (вечер),очно-заочная,14134
361291,Нотариат и гражданский оборот,очная,14132
384536,Образование и труд: гарантии прав работников,очная,14133
384535,Образование и труд: гарантии прав работников,очная,14133
361166,Организация и проведение мониторинга правоприменения,очная,14088
360136,Правовое регулирование внешнеэкономической деятельности,очно-заочная,9975
362132,Правовое регулирование отношений в сфере строительства и приобретения недвижимости,очная,12989
362130,Праваовые вопросы землепользования и недвижимости,очная,14039
362853,Правовые вопросы землепользования и недвижимости,очная,14039
387086,Прикладные аспекты по обеспечению законности и защиты собственных интересов в сфере государственных и муниципальных закупок,очная,12059
358971,Судебная защита прав налогоплательщиков,очная,12966
384745,Уголовная и гражданско-правовая ответственность медицинских работников,очно-заочная,12060
358974,Эффективные переговоры для юристов,очно-заочная,13876
384534,Язык закона,очная,11910
384969,Ятрогенные преступления: особенности уголовного преследования,очно-заочная,14037
334004,22.М05-ю,очная,12962
334187,21.М05-ю,очная,12058
334216,22.М21-ю,очная,14170
334416,21.М21-ю,очная,12871
334113,22.М14-ю,очная,11110
334098,21.М14-ю,очная,10374
334058,22.М03-ю,очная,14132
334065,21.М03-ю,очная,12090
334144,22.М06-ю,очная,14088
334247,22.М18-ю,очная,14135
334338,21.М18-ю,очная,12989
334428,22.М09-ю,очная,14039
334193,21.М09-ю,очная,12965
334459,22.М08-ю,очная,11177
334136,21.М08-ю,очная,12966
334389,22.М10-ю,очная,11037
334223,21.М10-ю,очная,13876
334067,22.М11-ю,очная,12089
334311,21.М11-ю,очная,14037
334271,22.М20-ю,очная,12962
334069,21.М20-ю,очная,12058
334139,22.М07-ю,очная,14170
334028,21.М07-ю,очная,12871
334055,22.М13-ю,очная,11110
338788,21.М13-ю,очная,10374
334368,22.М01-ю,очная,14134
334021,21.М01-ю,очная,14132
334060,22.М04-ю,очная,14133
334397,21.М04-ю,очная,14088
334451,22.М02-ю,очная,9975
334467,21.М02-ю,очная,14135
335756,22.М19-ю,очная,12092
335749,21.М19-ю,очная,14039
334097,22.М27-ю,очная,12059
334141,21.М27-ю,очная,11177
334292,21.А01-ю,очная,12060
334064,20.А01-ю,очная,11037
389181,ПП Остеопатия_1054_17.02.2023-10.06.2023,очная,14295
389180,ПП Остеопатия_1054_17.02.2023-10.06.2026,очная,14295
